sleeve,signal,variant,ic,ic_t,rho_h,breadth,ir_predicted,sharpe_gross,sharpe_net,t_net,n_obs
price,mom_21d,raw,-0.009558606091481141,-1.0592513609391903,-0.008554723173383268,1199.8875802765197,-0.3311043174699174,-0.13416486675981568,-0.4117116103757668,-1.4556203579496925,150
price,mom_21d,resid,-0.002222248679811669,0.12999825037834162,-0.02890546291485088,1199.8875802765197,-0.07697734641803337,-0.22782902064561808,-0.663347794953049,-2.2576575488139814,139
price,mom_63d,raw,-0.0021275356909888064,-0.5048135269474997,0.6402829359040493,1199.8875802765197,-0.07369654593105876,-0.11841852115691676,-0.36305958728992344,-1.2750233677800829,148
price,mom_63d,resid,0.005146449830322773,0.9049668985200288,0.47014701558976113,1199.8875802765197,0.17826990066897416,0.024229829247146797,-0.3943996562637334,-1.3423114812290586,139
price,mom_126d,raw,0.0022301071895766845,0.1526857940261266,0.8136174545871784,1199.8875802765197,0.07724956042990641,0.213912879336069,-0.0026614935978949614,-0.009251641678134755,145
price,mom_126d,resid,0.0006057587398013151,0.8189899647091818,0.6779667925290732,1199.8875802765197,0.020983115338553803,0.2085028832450508,-0.27048574415289456,-0.9205791995985634,139
price,mom_252d_skip,raw,0.003484698765765408,0.2593183480306445,0.9034365341192784,1199.8875802765197,0.12070785168721539,0.12438319546213182,-0.05292758725324147,-0.18013531937834934,139
price,mom_252d_skip,resid,0.00947606454159798,2.2705316825214146,0.7955218424340283,1199.8875802765197,0.32824512824552515,0.5368682946574409,0.14254696600376557,0.48514856958514424,139
price,reversal_5d,raw,0.01101282892835615,2.1080938901504127,-0.005224620818657668,1199.8875802765197,0.38147771451593554,0.4720855027913154,0.17901759185517688,0.6329227657624062,150
price,reversal_5d,resid,-0.000577622585480146,-1.2224210115198637,-0.00357286635637124,1199.8875802765197,-0.020008496018165487,-0.5905158783105875,-1.127813949404746,-3.838435426941539,139
price,reversal_21d,raw,0.009558606091481141,1.0592513609391903,-0.008554723173383268,1199.8875802765197,0.3311043174699174,0.13416486675981568,-0.1435541858877585,-0.5075406915447411,150
price,reversal_21d,resid,0.002222248679811669,-0.12999825037834162,-0.02890546291485088,1199.8875802765197,0.07697734641803337,0.22782902064561808,-0.2081798874198115,-0.7085255998745699,139
price,dist_sma_50,raw,-0.006926275121817424,-1.288413080691196,0.3838795497268778,1199.8875802765197,-0.23992196925680292,-0.17587734323970455,-0.4372715756808851,-1.540826569406503,149
price,dist_sma_50,resid,0.0013565241990263026,0.47578107645308826,0.29307044283516304,1199.8875802765197,0.04698917548766075,-0.13102129803334212,-0.5299385382514626,-1.8036085299349531,139
price,dist_sma_200,raw,0.0024639050701388923,0.15571466670809492,0.8263147703371503,1199.8875802765197,0.08534817720818898,0.1285122081469258,-0.0708828122537886,-0.24383412674173088,142
price,dist_sma_200,resid,0.005122246998303112,1.3358496853937103,0.5595858062657907,1199.8875802765197,0.1774315292474495,0.1718219642360433,-0.18333807843673133,-0.6239782508013503,139
price,rsi_14,raw,-0.00630308613490878,-1.27337485517939,0.22436782417141565,1199.8875802765197,-0.21833508073034177,-0.3361200470035539,-0.607429977968419,-2.1475892825873215,150
price,rsi_14,resid,0.0011362790310818728,0.46436830004573787,0.1803057878422167,1199.8875802765197,0.0393600164543913,-0.14864619581153898,-0.5377929574712014,-1.8303404931342095,139
price,low_vol_63d,raw,-0.005046169445903488,-0.2985125884838095,0.8947500810761037,1199.8875802765197,-0.17479624897530724,0.28618647303883676,0.07831038858241038,0.2750170464518761,148
price,low_vol_63d,resid,-0.002028705135469823,0.1254145495193332,0.7536090262548516,1199.8875802765197,-0.07027311543114,0.5589978192764753,0.12447694710877251,0.42364853163238403,139
price,rel_volume_20,raw,-0.0004590517447997253,0.6348303595585104,-0.03230635434983018,1199.8875802765197,-0.01590127401324221,0.04394118271780018,-0.636936568417633,-2.251910833568988,150
price,rel_volume_20,resid,-0.000757485383226105,-0.18316009754988444,-0.031062062216139448,1199.8875802765197,-0.026238834240699938,0.03201651572353541,-0.7053761328962522,-2.40069804000653,139
price,low_atr_14,raw,-0.003293741626370422,-0.3007490687611345,0.7494946327252021,1199.8875802765197,-0.11409321219896051,-0.07548424226499299,-0.2885935603254234,-1.0203323175643793,150
price,low_atr_14,resid,0.0031316935691969613,1.1421790555081075,0.3365655198160455,1199.8875802765197,0.10847996578476177,-0.11986792295797427,-0.5515544196021808,-1.8771766612787382,139
price,near_52w_high,raw,0.011250974388294631,0.7722810144318599,0.900890598246213,1199.8875802765197,0.3897269288068942,0.09370209858550405,-0.1418509278673595,-0.4827796527591966,139
price,near_52w_high,resid,0.01794696421555068,2.9360041505758794,0.8620100459401164,1199.8875802765197,0.6216719551340102,0.4107080315742438,-0.0008310645034632354,-0.002828469566146543,139
price,c_price,raw,0.0043189305256366535,0.27675314741687523,0.7297457278306836,1199.8875802765197,0.1496051338662633,0.14940908086208537,-0.06922626274741446,-0.24475179912449221,150
price,c_price,resid,0.007647884547147984,1.5321293512474254,0.46183089627914625,1199.8875802765197,0.2649180820756869,0.07356540746466873,-0.2857021403937319,-0.9723671336208697,139
earnings,sue,raw,0.006338949247367044,1.5145167728976765,0.6801314636766046,1199.8875802765197,0.2195773571940014,0.4037298770297878,-0.011125742654727443,-0.03933544038447099,150
earnings,sue,resid,0.005853003659411012,1.626057830663537,0.6727600104859957,1199.8875802765197,0.2027444967656282,0.42554468407979473,-0.02741342219357003,-0.09329965370355776,139
earnings,surprise_pct,raw,0.00416400957743499,0.5390177380315667,0.6771368800101852,1199.8875802765197,0.1442387661840738,0.026064034249707713,-0.3066142198055648,-1.0840449701636874,150
earnings,surprise_pct,resid,-0.0013902669837313124,-0.537588273593091,0.6689330877636878,1199.8875802765197,-0.04815800508398063,-0.12145380842447957,-0.4826927730870227,-1.642810892278616,139
earnings,c_earnings,raw,0.005753209738856214,1.1619687451963154,0.6787345602138648,1199.8875802765197,0.19928769588517434,0.2459823426887146,-0.14288473121364714,-0.5051738118459352,150
earnings,c_earnings,resid,0.002500566332645947,0.4913911641030893,0.6694407168081761,1199.8875802765197,0.08661810110544027,0.18169331389946955,-0.24705252820618626,-0.8408258978199408,139
fundamentals,earnings_yield,raw,-0.0037662986292251433,-0.18270451584377528,0.9184127561467715,1199.8875802765197,-0.13046230015994348,0.3280436537117357,0.13037170959367014,0.4609335996428372,150
fundamentals,earnings_yield,resid,0.007599770304564917,1.1735606446104858,0.9110681021259236,1199.8875802765197,0.2632514338951278,0.35308625876669214,0.11926360775290977,0.4059052979307847,139
fundamentals,book_to_price,raw,-0.00010099543009791376,-0.020397574299288117,0.9764173783191709,1199.8875802765197,-0.0034984204422811235,0.19253708997855198,-0.004365759171960326,-0.015435289577602564,150
fundamentals,book_to_price,resid,0.0040998433203898845,0.34437218711489886,0.9727609756158914,1199.8875802765197,0.14201608595850684,0.21754349802914352,-0.0014569203568215439,-0.00495852592957172,139
fundamentals,roe,raw,-0.006184466364513848,-1.022687993374046,0.8451076130878635,1199.8875802765197,-0.21422616382978496,-0.19507825101740736,-0.43465338624881666,-1.5367317844111696,150
fundamentals,roe,resid,-0.0029379941545663777,-0.7671963917824816,0.8381406765470268,1199.8875802765197,-0.10177033554560583,-0.33103138021980305,-0.5779691890345456,-1.9670774705719694,139
fundamentals,accruals,raw,0.003057651468557847,0.33971282236505124,0.858908210271866,1199.8875802765197,0.10591519232704999,0.007748057686596309,-0.2527009012133661,-0.8934326042996152,150
fundamentals,accruals,resid,0.0022826411999420097,0.583149216462507,0.850265617819178,1199.8875802765197,0.0790693066857408,-0.020391011711606875,-0.29709945228476364,-1.0111570827587824,139
fundamentals,asset_growth,raw,-0.013464410047878893,-1.3242891433988229,0.9121945092950284,1199.8875802765197,-0.46639899754957226,-0.27315120378121543,-0.44083311246289925,-1.5003444824738883,139
fundamentals,asset_growth,resid,-0.012143970902155793,-1.9252089834692676,0.8939260668009774,1199.8875802765197,-0.420659786421827,-0.5096643851919841,-0.7159907706873364,-2.4368242129120468,139
fundamentals,gross_profitability,raw,0.009595230096819011,1.1444891324446251,0.9212872881965158,1199.8875802765197,0.3323729508014256,0.2266095453559057,0.0414004371782686,0.1463726493642069,150
fundamentals,gross_profitability,resid,0.010910790578413883,1.5888245611522056,0.9083615845403056,1199.8875802765197,0.3779431679628036,0.24498293332156781,0.05426027664646614,0.1846710339638647,139
fundamentals,c_fundamentals,raw,-0.0036576292365180364,-0.3761942038410549,0.927644741126886,1199.8875802765197,-0.12669805830733444,-0.045818446529692074,-0.29133369248817936,-1.03002014773254,150
fundamentals,c_fundamentals,resid,-0.0006811823372785549,-0.008509218214868842,0.9204648215583279,1199.8875802765197,-0.02359574300882509,-0.19120309042136013,-0.4870503549127547,-1.657641615435139,139
alt,insider_buy_intensity,raw,0.01461446632806887,1.7825235472366863,0.7470911818869946,1199.8875802765197,0.5062362495568145,0.07583190543295514,-0.24586147769781758,-0.8663492399213405,149
alt,insider_buy_intensity,resid,0.004353170715980202,0.5523900447703074,0.7428481604805138,1199.8875802765197,0.15079119329221294,-0.05952537145083836,-0.4187459906658068,-1.4200367439030976,138
alt,insider_net_flow,raw,0.004809428760810751,0.3743625495414947,0.7992255695468963,1199.8875802765197,0.16659569523297335,-0.5796537855717387,-0.9258533101356318,-3.2624562376563873,149
alt,insider_net_flow,resid,0.0045563935697008826,0.21292539360006207,0.792571645148799,1199.8875802765197,0.15783070968524052,-0.4307669851875204,-0.8364428779206081,-2.836515805046264,138
alt,insider_buyer_breadth,raw,0.00534482363390621,1.2888571465432725,0.8286977505060024,1199.8875802765197,0.1851414489063205,-0.055072632212841054,-0.4397898621437748,-1.5497003286609323,149
alt,insider_buyer_breadth,resid,0.005676171449938306,0.8712198306670357,0.8227987255600885,1199.8875802765197,0.19661913628274996,0.09587257690721528,-0.268037488044419,-0.908959345882622,138
alt,short_ratio,raw,0.013934345016789437,1.8975808110031998,0.8173262802172829,1199.8875802765197,0.48267725984505955,0.20021064407354677,-0.18134829632590163,-0.5313020226898275,103
alt,short_ratio,resid,0.010977440766443814,2.363901337194483,0.792461321476244,1199.8875802765197,0.38025189005111726,0.23837299007485582,-0.2547800597899817,-0.7464374568161769,103
alt,short_change,raw,-0.00011601078812026092,1.1007436383026281,-0.0031377467946285017,1199.8875802765197,-0.004018543336976675,0.2875545632123998,-0.3102730754040061,-0.9090171558716584,103
alt,short_change,resid,-0.002183805192207792,0.022492100585440013,-0.00917347081999616,1199.8875802765197,-0.07564568732439322,0.028216874305590955,-0.6119161202116314,-1.7927506294334912,103
alt,days_to_cover,raw,0.013974665900009885,1.9047352178856074,0.8172402303662737,1199.8875802765197,0.48407395078416926,0.19873960796448553,-0.18280140761701424,-0.5355592502668327,103
alt,days_to_cover,resid,0.010986572978340367,2.3600948683622693,0.7923869726813608,1199.8875802765197,0.3805682243322938,0.2385983493205105,-0.25461887545880885,-0.7459652298203185,103
alt,c_alt,raw,0.008948627570655694,2.0164747412668476,0.7391363395193252,1199.8875802765197,0.3099750314760928,-0.09387479500830577,-0.5384983118155462,-1.9038790397114036,150
alt,c_alt,resid,0.010443927556743879,2.2995658758787463,0.7160282608556925,1199.8875802765197,0.3617713160565141,-0.007868008692158443,-0.5090440619588585,-1.7324956499504025,139
combined,c_all,raw,0.005950948150923953,0.6184118986100003,0.7093301083185641,1199.8875802765197,0.20613723454579813,0.27967106682379744,-0.13603699137493488,-0.48096339546716166,150
combined,c_all,resid,0.006140993106487696,1.9139265416982427,0.6821875135169171,1199.8875802765197,0.21272027653940156,0.26753630384316524,-0.34081074712487175,-1.1599253993417726,139
