sleeve,signal,variant,ic,ic_t,rho_h,breadth,ir_predicted,sharpe_gross,sharpe_net,t_net,n_obs,indep_reb,breadth_adj,ir_adj
price,mom_21d,raw,-0.0095586060914811,-1.0592513609391905,-0.0085547231733832,1199.8875802765197,-0.3311043174699174,-0.1341648667598156,-0.4117116103757668,-1.4556203579496925,150,12.207084910241699,1220.70849102417,-0.33396468700602794
price,mom_21d,resid,-0.0022222486798116,0.1299982503783416,-0.0289054629148508,1199.8875802765197,-0.0769773464180333,-0.227829020645618,-0.663347794953049,-2.2576575488139814,139,12.714380612250928,1271.4380612250927,-0.07923923260336146
price,mom_63d,raw,-0.0021275356909888,-0.5048135269474997,0.6402829359040493,1199.8875802765197,-0.0736965459310587,-0.1184185211569167,-0.3630595872899234,-1.2750233677800829,148,2.6316220663310705,263.1622066331071,-0.0345134690815345
price,mom_63d,resid,0.0051464498303227,0.9049668985200288,0.4701470155897611,1199.8875802765197,0.1782699006689741,0.0242298292471467,-0.3943996562637334,-1.3423114812290586,139,4.324897949319857,432.4897949319857,0.10702757257760015
price,mom_126d,raw,0.0022301071895766,0.1526857940261266,0.8136174545871784,1199.8875802765197,0.0772495604299064,0.213912879336069,-0.0026614935978949,-0.0092516416781347,145,1.2332206768835712,123.32206768835712,0.02476544503641593
price,mom_126d,resid,0.0006057587398013,0.8189899647091818,0.6779667925290732,1199.8875802765197,0.0209831153385538,0.2085028832450508,-0.2704857441528945,-0.9205791995985634,139,2.303024414342911,230.3024414342911,0.009192824302605124
price,mom_252d_skip,raw,0.0034846987657654,0.2593183480306445,0.9034365341192784,1199.8875802765197,0.1207078516872153,0.1243831954621318,-0.0529275872532414,-0.1801353193783493,139,0.6087734315264782,60.877343152647825,0.02718899073681047
price,mom_252d_skip,resid,0.0094760645415979,2.2705316825214146,0.7955218424340283,1199.8875802765197,0.3282451282455251,0.5368682946574409,0.1425469660037655,0.4851485695851442,139,1.3665876030031174,136.65876030031174,0.11077627272287772
price,reversal_5d,raw,0.0110128289283561,2.1080938901504127,-0.0052246208186576,1199.8875802765197,0.3814777145159355,0.4720855027913154,0.1790175918551768,0.6329227657624062,150,12.126049460282154,1212.6049460282154,0.3834939886427527
price,reversal_5d,resid,-0.0005776225854801,-1.2224210115198637,-0.0035728663563712,1199.8875802765197,-0.0200084960181654,-0.5905158783105875,-1.127813949404746,-3.838435426941539,139,12.086056260069267,1208.6056260069267,-0.020081052515592616
price,reversal_21d,raw,0.0095586060914811,1.0592513609391905,-0.0085547231733832,1199.8875802765197,0.3311043174699174,0.1341648667598156,-0.1435541858877585,-0.5075406915447411,150,12.207084910241699,1220.70849102417,0.33396468700602794
price,reversal_21d,resid,0.0022222486798116,-0.1299982503783416,-0.0289054629148508,1199.8875802765197,0.0769773464180333,0.227829020645618,-0.2081798874198115,-0.7085255998745699,139,12.714380612250928,1271.4380612250927,0.07923923260336146
price,dist_sma_50,raw,-0.0069262751218174,-1.288413080691196,0.3838795497268778,1199.8875802765197,-0.2399219692568029,-0.1758773432397045,-0.4372715756808851,-1.540826569406503,149,5.342549793973496,534.2549793973495,-0.16009362102071142
price,dist_sma_50,resid,0.0013565241990263,0.4757810764530882,0.293070442835163,1199.8875802765197,0.0469891754876607,-0.1310212980333421,-0.5299385382514626,-1.8036085299349531,139,6.560473741382591,656.0473741382591,0.03474522643419843
price,dist_sma_200,raw,0.0024639050701388,0.1557146667080949,0.8263147703371503,1199.8875802765197,0.0853481772081889,0.1285122081469258,-0.0708828122537886,-0.2438341267417308,142,1.1412177078157424,114.12177078157424,0.026321353758589513
price,dist_sma_200,resid,0.0051222469983031,1.3358496853937103,0.5595858062657907,1199.8875802765197,0.1774315292474495,0.1718219642360433,-0.1833380784367313,-0.6239782508013503,139,3.3887012202711895,338.87012202711895,0.09429250123661204
price,rsi_14,raw,-0.0063030861349087,-1.27337485517939,0.2243678241714156,1199.8875802765197,-0.2183350807303417,-0.3361200470035539,-0.607429977968419,-2.1475892825873215,150,7.6019525555907785,760.1952555590779,-0.17378641303010406
price,rsi_14,resid,0.0011362790310818,0.4643683000457378,0.1803057878422167,1199.8875802765197,0.0393600164543913,-0.1486461958115389,-0.5377929574712014,-1.8303404931342095,139,8.333713726741735,833.3713726741735,0.03280229886454639
price,low_vol_63d,raw,-0.0050461694459034,-0.2985125884838095,0.8947500810761037,1199.8875802765197,-0.1747962489753072,0.2861864730388367,0.0783103885824103,0.2750170464518761,148,0.6665781623133373,66.65781623133373,-0.04119906599878101
price,low_vol_63d,resid,-0.0020287051354698,0.1254145495193332,0.7536090262548516,1199.8875802765197,-0.07027311543114,0.5589978192764753,0.1244769471087725,0.423648531632384,139,1.6860609409934033,168.60609409934034,-0.026342413487474958
price,rel_volume_20,raw,-0.0004590517447997,0.6348303595585104,-0.0323063543498301,1199.8875802765197,-0.0159012740132422,0.0439411827178001,-0.636936568417633,-2.251910833568988,150,12.801237569225725,1280.1237569225725,-0.01642432844130541
price,rel_volume_20,resid,-0.0007574853832261,-0.1831600975498844,-0.0310620622161394,1199.8875802765197,-0.0262388342406999,0.0320165157235354,-0.7053761328962522,-2.40069804000653,139,12.769388279802955,1276.9388279802956,-0.027068195425175565
price,low_atr_14,raw,-0.0032937416263704,-0.3007490687611345,0.7494946327252021,1199.8875802765197,-0.1140932121989605,-0.0754842422649929,-0.2885935603254234,-1.0203323175643793,150,1.7182472875695558,171.82472875695558,-0.043175001562764374
price,low_atr_14,resid,0.0031316935691969,1.1421790555081075,0.3365655198160455,1199.8875802765197,0.1084799657847617,-0.1198679229579742,-0.5515544196021808,-1.8771766612787384,139,5.956471002860505,595.6471002860505,0.07643174525543842
price,near_52w_high,raw,0.0112509743882946,0.7722810144318599,0.900890598246213,1199.8875802765197,0.3897269288068942,0.093702098585504,-0.1418509278673595,-0.4827796527591966,139,0.6256608466277439,62.566084662774394,0.08899377411873645
price,near_52w_high,resid,0.0179469642155506,2.9360041505758794,0.8620100459401164,1199.8875802765197,0.6216719551340102,0.4107080315742438,-0.0008310645034632,-0.0028284695661465,139,0.8892967319532159,88.92967319532158,0.16924441461076073
price,c_price,raw,0.0043189305256366,0.2767531474168752,0.7297457278306836,1199.8875802765197,0.1496051338662633,0.1494090808620853,-0.0692262627474144,-0.2447517991244922,150,1.8748716726700558,187.4871672670056,0.059137368008358636
price,c_price,resid,0.0076478845471479,1.5321293512474254,0.4618308962791462,1199.8875802765197,0.2649180820756869,0.0735654074646687,-0.2857021403937319,-0.9723671336208696,139,4.4177676508877415,441.77676508877414,0.16074695634997327
earnings,sue,raw,0.006338949247367,1.5145167728976765,0.6801314636766046,1199.8875802765197,0.2195773571940014,0.4037298770297878,-0.0111257426547274,-0.0393354403844709,150,2.2845964847781537,228.45964847781536,0.09581246790764922
earnings,sue,resid,0.005853003659411,1.626057830663537,0.6727600104859957,1199.8875802765197,0.2027444967656282,0.4255446840797947,-0.02741342219357,-0.0932996537035577,139,2.3475452841720883,234.75452841720883,0.08967797333623405
earnings,surprise_pct,raw,0.0041640095774349,0.5390177380315667,0.6771368800101852,1199.8875802765197,0.1442387661840738,0.0260640342497077,-0.3066142198055648,-1.0840449701636874,150,2.310102106784658,231.0102106784658,0.06328886508297012
earnings,surprise_pct,resid,-0.0013902669837313,-0.537588273593091,0.6689330877636878,1199.8875802765197,-0.0481580050839806,-0.1214538084244795,-0.4826927730870227,-1.642810892278616,139,2.380444714029347,238.0444714029347,-0.021449998141930084
earnings,c_earnings,raw,0.0057532097388562,1.1619687451963154,0.6787345602138648,1199.8875802765197,0.1992876958851743,0.2459823426887146,-0.1428847312136471,-0.5051738118459352,150,2.2964829394722686,229.64829394722685,0.08718500938616748
earnings,c_earnings,resid,0.0025005663326459,0.4913911641030893,0.6694407168081761,1199.8875802765197,0.0866181011054402,0.1816933138994695,-0.2470525282061862,-0.8408258978199408,139,2.3760720332051624,237.60720332051625,0.03854501161683993
fundamentals,earnings_yield,raw,-0.0037662986292251,-0.1827045158437752,0.9184127561467716,1199.8875802765197,-0.1304623001599434,0.3280436537117357,0.1303717095936701,0.4609335996428372,150,0.5103421685983809,51.03421685983809,-0.02690577335684678
fundamentals,earnings_yield,resid,0.0075997703045649,1.1735606446104858,0.9110681021259236,1199.8875802765197,0.2632514338951278,0.3530862587666921,0.1192636077529097,0.4059052979307847,139,0.5584221584263555,55.84221584263555,0.0567912970810271
fundamentals,book_to_price,raw,-0.0001009954300979,-0.0203975742992881,0.9764173783191707,1199.8875802765197,-0.0034984204422811,0.1925370899785519,-0.0043657591719603,-0.0154352895776025,150,0.14318405781810065,14.318405781810064,-0.00038216336829857803
fundamentals,book_to_price,resid,0.0040998433203898,0.3443721871148988,0.9727609756158914,1199.8875802765197,0.1420160859585068,0.2175434980291435,-0.0014569203568215,-0.0049585259295717,139,0.16569077381878772,16.56907738187877,0.016688466187643684
fundamentals,roe,raw,-0.0061844663645138,-1.022687993374046,0.8451076130878635,1199.8875802765197,-0.2142261638297849,-0.1950782510174073,-0.4346533862488166,-1.5367317844111696,150,1.0073714019503786,100.73714019503785,-0.062072186062301284
fundamentals,roe,resid,-0.0029379941545663,-0.7671963917824816,0.8381406765470268,1199.8875802765197,-0.1017703355456058,-0.331031380219803,-0.5779691890345456,-1.9670774705719696,139,1.0566720524809547,105.66720524809547,-0.030200980152777432
fundamentals,accruals,raw,0.0030576514685578,0.3397128223650512,0.858908210271866,1199.8875802765197,0.1059151923270499,0.0077480576865963,-0.2527009012133661,-0.8934326042996152,150,0.910804238413682,91.0804238413682,0.02918102224015728
fundamentals,accruals,resid,0.002282641199942,0.583149216462507,0.850265617819178,1199.8875802765197,0.0790693066857408,-0.0203910117116068,-0.2970994522847636,-1.0111570827587824,139,0.9711106172354237,97.11106172354236,0.022494275135594453
fundamentals,asset_growth,raw,-0.0134644100478788,-1.3242891433988229,0.9121945092950284,1199.8875802765197,-0.4663989975495722,-0.2731512037812154,-0.4408331124628992,-1.5003444824738883,139,0.5510244294384652,55.10244294384652,-0.09994768883004407
fundamentals,asset_growth,resid,-0.0121439709021557,-1.9252089834692676,0.8939260668009774,1199.8875802765197,-0.420659786421827,-0.5096643851919841,-0.7159907706873364,-2.4368242129120468,139,0.6720891700584171,67.20891700584171,-0.09955754221413916
fundamentals,gross_profitability,raw,0.009595230096819,1.1444891324446251,0.9212872881965158,1199.8875802765197,0.3323729508014256,0.2266095453559057,0.0414004371782686,0.1463726493642069,150,0.4916248327070583,49.162483270705835,0.06727788025267593
fundamentals,gross_profitability,resid,0.0109107905784138,1.5888245611522056,0.9083615845403056,1199.8875802765197,0.3779431679628036,0.2449829333215678,0.0542602766464661,0.1846710339638647,139,0.5762330338363126,57.62330338363127,0.0828238273670973
fundamentals,c_fundamentals,raw,-0.003657629236518,-0.3761942038410549,0.927644741126886,1199.8875802765197,-0.1266980583073344,-0.045818446529692,-0.2913336924881793,-1.03002014773254,150,0.4504269318680517,45.042693186805174,-0.024547759238440697
fundamentals,c_fundamentals,resid,-0.0006811823372785,-0.0085092182148688,0.920464821558328,1199.8875802765197,-0.023595743008825,-0.1912030904213601,-0.4870503549127547,-1.657641615435139,139,0.4969745504245242,49.69745504245242,-0.004802091745672792
alt,insider_buy_intensity,raw,0.0146144663280688,1.7825235472366865,0.7470911818869946,1199.8875802765197,0.5062362495568145,0.0758319054329551,-0.2458614776978175,-0.8663492399213405,149,1.7371193036863306,173.71193036863306,0.1926184058315478
alt,insider_buy_intensity,resid,0.0043531707159802,0.5523900447703074,0.7428481604805138,1199.8875802765197,0.1507911932922129,-0.0595253714508383,-0.4187459906658068,-1.4200367439030976,138,1.7705627743171009,177.05627743171007,0.057924375936991485
alt,insider_net_flow,raw,0.0048094287608107,0.3743625495414947,0.7992255695468963,1199.8875802765197,0.1665956952329733,-0.5796537855717387,-0.9258533101356318,-3.2624562376563873,149,1.3390723243467375,133.90723243467374,0.05565388846074545
alt,insider_net_flow,resid,0.0045563935697008,0.212925393600062,0.792571645148799,1199.8875802765197,0.1578307096852405,-0.4307669851875204,-0.8364428779206081,-2.836515805046264,138,1.3885862051599016,138.85862051599017,0.05369176164090995
alt,insider_buyer_breadth,raw,0.0053448236339062,1.2888571465432723,0.8286977505060024,1199.8875802765197,0.1851414489063205,-0.055072632212841,-0.4397898621437748,-1.5497003286609323,149,1.1240933573408607,112.40933573408607,0.05666756739950666
alt,insider_buyer_breadth,resid,0.0056761714499383,0.8712198306670357,0.8227987255600885,1199.8875802765197,0.1966191362827499,0.0958725769072152,-0.268037488044419,-0.908959345882622,138,1.1665661509750935,116.65661509750936,0.06130701771413894
alt,short_ratio,raw,0.0139343450167894,1.8975808110032,0.8173262802172829,1199.8875802765197,0.4826772598450595,0.2002106440735467,-0.1813482963259016,-0.5313020226898275,103,1.2062141296556363,120.62141296556364,0.15303781812843073
alt,short_ratio,resid,0.0109774407664438,2.363901337194483,0.792461321476244,1199.8875802765197,0.3802518900511172,0.2383729900748558,-0.2547800597899817,-0.7464374568161769,103,1.3894102552985426,138.94102552985424,0.12939465959552765
alt,short_change,raw,-0.0001160107881202,1.100743638302628,-0.0031377467946285,1199.8875802765197,-0.0040185433369766,0.2875545632123998,-0.3102730754040061,-0.9090171558716584,103,12.075542957744604,1207.5542957744603,-0.004031361192496556
alt,short_change,resid,-0.0021838051922077,0.02249210058544,-0.0091734708199961,1199.8875802765197,-0.0756456873243932,0.0282168743055909,-0.6119161202116314,-1.7927506294334912,103,12.222201660125222,1222.2201660125222,-0.0763464093880104
alt,days_to_cover,raw,0.0139746659000098,1.9047352178856072,0.8172402303662737,1199.8875802765197,0.4840739507841692,0.1987396079644855,-0.1828014076170142,-0.5355592502668327,103,1.2068394695194935,120.68394695194935,0.153520432915378
alt,days_to_cover,resid,0.0109865729783403,2.3600948683622693,0.7923869726813608,1199.8875802765197,0.3805682243322938,0.2385983493205105,-0.2546188754588088,-0.7459652298203185,103,1.3899656523929487,138.99656523929485,0.12952818471403046
alt,c_alt,raw,0.0089486275706556,2.0164747412668476,0.7391363395193252,1199.8875802765197,0.3099750314760928,-0.0938747950083057,-0.5384983118155462,-1.9038790397114036,150,1.7999531460732339,179.9953146073234,0.12005687475160047
alt,c_alt,resid,0.0104439275567438,2.2995658758787463,0.7160282608556925,1199.8875802765197,0.3617713160565141,-0.0078680086921584,-0.5090440619588585,-1.7324956499504025,139,1.9857836537216875,198.57836537216875,0.14717356719079286
combined,c_all,raw,0.0059509481509239,0.6184118986100003,0.7093301083185641,1199.8875802765197,0.2061372345457981,0.2796710668237974,-0.1360369913749348,-0.4809633954671616,150,2.040588112970378,204.0588112970378,0.08500879157558197
combined,c_all,resid,0.0061409931064876,1.9139265416982427,0.6821875135169171,1199.8875802765197,0.2127202765394015,0.2675363038431652,-0.3408107471248717,-1.1599253993417726,139,2.267137169401324,226.7137169401324,0.09246502862895856
