n_dates,ic_mean,ic_std,ic_ir,ic_positive_pct,n_nonoverlap,ic_t,spread_mean,spread_ann,spread_sharpe,spread_t,score,horizon
3167,-0.01598256973058797,0.16608767746146724,-0.33334950830790233,0.481212503946953,151,-1.771322010248982,-0.004179863652491653,-0.05015836382989984,-0.367473730063126,-1.3035393577123846,mom_21d,21
3125,-0.01668947678323375,0.1589361157804,-0.2100149069490711,0.4768,50,-0.5361639040431063,-0.00418093619502499,-0.01672374478009996,0.20507110189852032,0.725035833889206,mom_21d,63
3062,-0.001818005741643537,0.1512751738322696,-0.016995838187931392,0.5290659699542782,25,0.7783760456875879,0.008383739005841129,0.016767478011682258,0.23978409110290172,0.8477647841975735,mom_21d,126
3125,-0.012008984393829332,0.18263129118231483,-0.22778321264399332,0.50208,149,-0.8444927969654312,-0.004703651818701758,-0.05644382182442109,-0.19256996872957,-0.6785643997698148,mom_63d,21
3083,-0.01380816783574375,0.16147549551460652,-0.17102493219467732,0.4904313979889718,49,-1.1253262013695884,0.0006335256627077077,0.002534102650830831,0.013358121840769689,0.04675342644269391,mom_63d,63
3020,0.009433921174928065,0.14507714389715967,0.09196196529343997,0.5586092715231789,24,0.7805099285643401,0.02564435396282504,0.05128870792565008,0.1999289319245304,0.6925741359925318,mom_63d,126
3062,-0.0016839459624121533,0.1953186743266237,-0.029865858696346382,0.530698889614631,146,-0.23544205162092716,0.0002891378088450028,0.003469653706140034,-0.051029073431333664,-0.17799323136663203,mom_126d,21
3020,0.002187010613772414,0.1581783613573074,0.02765246263782186,0.5490066225165563,48,0.5183579675538169,0.013246521623690834,0.052986086494763336,0.3504617316655561,1.2140350507066273,mom_126d,63
2957,0.025047085758130125,0.13934475056054685,0.25420353644164295,0.6121068650659452,24,0.7026905137198542,0.04357856560307631,0.08715713120615262,0.22966560490540858,0.7955849928944152,mom_126d,126
2936,0.0019070049300864537,0.21276334324393256,0.031048858124091035,0.5381471389645777,140,-0.0227401534880003,0.0006184860030808188,0.007421832036969826,-0.03614727270635336,-0.12346644124857269,mom_252d_skip,21
2894,-0.005315878384398318,0.18431201801130837,-0.05768347003907434,0.5283344851416725,46,-0.18342004320365185,0.009018031120087634,0.036072124480350534,0.0422132414612558,0.14315206662379096,mom_252d_skip,63
2831,0.004399962218311836,0.1742896765180655,0.035701978266170185,0.5637583892617449,23,0.06178032690614632,0.029527139074843257,0.059054278149686515,0.13625615826197407,0.46206711378282417,mom_252d_skip,126
3169,0.012316760010425407,0.1625764267338428,0.2624396974552096,0.5298201325339223,151,2.150115257884016,-0.00048530294962343854,-0.005823635395481263,0.27467048997704036,0.9743384759114917,reversal_5d,21
3127,0.010476399407563137,0.15471061575349285,0.13543219845050117,0.5148704828909498,50,1.627417820769059,4.382999857736782e-05,0.00017531999430947127,0.1614112283003232,0.5706748704540425,reversal_5d,63
3064,0.0004386972478233737,0.1492535021334669,0.004156764087805293,0.493798955613577,25,0.19043842131127356,-0.008699129800274472,-0.017398259600548943,-0.24652831965961927,-0.8716092329292081,reversal_5d,126
3167,0.01598256973058797,0.16608767746146724,0.33334950830790233,0.5187874960530471,151,1.771322010248982,-0.0014052751053574817,-0.01686330126428978,0.024465504655797055,0.08678647102106744,reversal_21d,21
3125,0.01668947678323375,0.1589361157804,0.2100149069490711,0.5232,50,0.5361639040431063,-0.0014100401487576045,-0.005640160595030418,-0.32634857633569087,-1.1538164567877132,reversal_21d,63
3062,0.001818005741643537,0.1512751738322696,0.016995838187931392,0.47093403004572176,25,-0.7783760456875879,-0.01392931827841254,-0.02785863655682508,-0.29799048291829816,-1.0535554560029134,reversal_21d,126
3139,-0.016513567809886127,0.1667945532467633,-0.34296489788417855,0.4864606562599554,150,-1.1524922588489113,-0.004985423225119924,-0.059825078701439084,-0.4311983003130238,-1.524516210937263,dist_sma_50,21
3097,-0.017884264093505464,0.16279641315157606,-0.21971324487172614,0.4727155311591863,50,-0.9189413993569809,-0.0035798696148081717,-0.014319478459232687,-0.08081161106444626,-0.28571219091139893,dist_sma_50,63
3034,0.0005448381801580706,0.15176393151431306,0.005077079487793519,0.5388925510876731,25,-0.6978341122165284,0.0138762538003111,0.0277525076006222,-0.13054849042575717,-0.4615586142685999,dist_sma_50,126
2989,-0.00193792336502779,0.20630596561760212,-0.03253984167985295,0.5339578454332553,143,0.16356848330418505,-5.219304294269619e-05,-0.0006263165153123543,-0.004876519622752875,-0.016834001899049485,dist_sma_200,21
2947,-0.0006865721479506798,0.17072552076684727,-0.008042993746533101,0.5408890397013912,47,-0.01955787475527362,0.010934267049428015,0.04373706819771206,0.10235074548623178,0.35084067957358067,dist_sma_200,63
2884,0.017491477850992424,0.1514858340946493,0.16329371885272423,0.6005547850208044,23,1.0002238035975715,0.036397742084646294,0.07279548416929259,0.17873888933273782,0.6061330641359683,dist_sma_200,126
3169,-0.015969207133622036,0.15998615991722975,-0.34577338597706947,0.48217103187125276,151,-1.6573330659402195,-0.005582000752278769,-0.06698400902734522,-0.5797073976075932,-2.0563957282299006,rsi_14,21
3127,-0.01809013866622677,0.15301525264419655,-0.23644882916726512,0.4748960665174288,50,-1.1090886928183912,-0.007550733163498553,-0.03020293265399421,-0.20140919718159755,-0.7120890456022305,rsi_14,63
3064,-0.006125673386999514,0.14457354818047102,-0.05992113005173407,0.5199086161879896,25,-0.2759437115238843,0.002262026130117059,0.004524052260234118,0.024958127886458986,0.08824030737118112,rsi_14,126
3125,-0.033228394129861484,0.22925999331204658,-0.5020785882036346,0.4544,149,-1.5974394998255712,-0.022641030186396485,-0.2716923622367578,-0.9094109334046021,-3.2045177565376175,low_vol_63d,21
3083,-0.059352102150999245,0.2262241588817784,-0.5247193972949267,0.40804411287706777,49,-1.7789305167304226,-0.06627392632378215,-0.2650957052951286,-0.883335845151977,-3.0916754580319195,low_vol_63d,63
3020,-0.07415905959240902,0.2161693276535621,-0.48516017044054144,0.32549668874172183,24,-0.9612769209450238,-0.14000186775448537,-0.28000373550897073,-0.7658244174734081,-2.6528936014815625,low_vol_63d,126
3169,-0.002490820945352789,0.07327890329880726,-0.11774817132062601,0.4828021457873146,151,0.775521904965277,-0.0035499511034759413,-0.04259941324171129,-0.21160083890757359,-0.7506115378467928,rel_volume_20,21
3127,-0.0030981359008685045,0.06913774342927616,-0.08962212959807446,0.49280460505276624,50,-0.29957946088339726,-0.005368714887029518,-0.02147485954811807,0.004932041141504391,0.01743739868124398,rel_volume_20,63
3064,-0.004042270261928604,0.0670779272987225,-0.08522376372392397,0.4869451697127937,25,0.44598059850891636,-0.008646162546400193,-0.017292325092800386,0.025338748611289118,0.08958600484911874,rel_volume_20,126
3169,-0.0299514824298139,0.22235124789741179,-0.46662647339293906,0.4619753865572736,151,-1.629134772389469,-0.02102939165200665,-0.2523526998240798,-0.9246956121708994,-3.2801722293499735,low_atr_14,21
3127,-0.05031938112554797,0.2156234645331861,-0.4667338152133571,0.4285257435241445,50,-1.5112279056382851,-0.059825045704291285,-0.23930018281716514,-0.7962198736972801,-2.8150623600342155,low_atr_14,63
3064,-0.06458211129654065,0.2047991843859204,-0.44596319050836736,0.35052219321148825,25,-1.4023267386373994,-0.1312886164513156,-0.2625772329026312,-0.921773694752984,-3.2589621513960685,low_atr_14,126
2937,0.017006034889056783,0.19665298271975773,0.29956643480064465,0.5832482124616956,140,0.6916565017325402,-0.005501101563529185,-0.06601321876235022,-0.38237336534379923,-1.3060536829640643,near_52w_high,21
2895,0.026881824365484083,0.1758798961134563,0.3056838781408331,0.5899827288428324,46,0.8351595150916296,-0.004112746883418803,-0.016450987533675212,-0.1879289716660673,-0.6372981496143337,near_52w_high,63
2832,0.0487517644727312,0.1745686791999369,0.3949471739314174,0.6472457627118644,23,1.897196982096377,0.0034794658083668563,0.0069589316167337125,0.0972911400585267,0.3299303081556927,near_52w_high,126
2936,0.00348076231429987,0.21396088592435705,0.05635475990289014,0.5473433242506812,140,0.12942244453585727,-0.005367545956918725,-0.0644105514830247,-0.34173101466302924,-1.1672336274844928,composite,21
2894,0.0006060155866500627,0.1812621717725525,0.006686619505039256,0.5497581202487906,46,0.06166014011805965,-0.006276713373143634,-0.025106853492574535,-0.13905618762669106,-0.47156247533979984,composite,63
2831,0.015537880361341667,0.17595595776678843,0.12488284805146568,0.6072059342988343,23,0.28979821273115636,-2.730404837672986e-05,-5.460809675345972e-05,-0.014926265409740727,-0.050617428712285036,composite,126
