group,signal,horizon,ic,sharpe,t,ret_ann,n_dates
price,mom_21d,21,-0.006356416612627529,-0.4618905747526041,-1.638464178222982,-0.03764349322723412,3167
price,mom_63d,21,-0.0042092551709375006,-0.33525707957988865,-1.1813551223720766,-0.044089610552629624,3125
price,mom_126d,21,0.0017995795613838517,-0.2641622024043086,-0.9214175537429568,-0.023557944684857775,3062
price,mom_252d_skip,21,0.003418984458266879,-0.1764341116372483,-0.6026372184609009,-0.015409633338643924,2936
price,reversal_5d,21,0.008564175014089462,0.23499531042351507,0.8335987336081669,-0.01439945261696188,3169
price,reversal_21d,21,0.006356416612627529,-0.10265818527679604,-0.3641593233797849,-0.028084623319293248,3167
price,dist_sma_50,21,-0.0050060295596150006,-0.5499863724516442,-1.9444954676037391,-0.04246842871055351,3139
price,dist_sma_200,21,0.0019065248001436926,-0.17869741636884656,-0.6168728681973857,-0.024743928055342042,2989
price,rsi_14,21,-0.004525989078743916,-0.6705089004788094,-2.378495848724858,-0.04857334904306189,3169
price,low_vol_63d,21,-0.02174762842603329,-0.9440503640689825,-3.326577725868308,-0.14709033763673554,3125
price,rel_volume_20,21,-0.0030873682257676143,-0.5498626683438267,-1.9505275367569832,-0.04539388454649645,3169
price,low_atr_14,21,-0.017871602071021668,-0.9991714054390228,-3.544360169274748,-0.13449062690297928,3169
price,near_52w_high,21,0.01814467042454502,-0.4282683894170136,-1.4628150336576506,-0.047850761535617445,2937
earnings,sue,21,0.006366347538707028,-0.1483211646628626,-0.5261395846896801,-0.008883106139965444,3169
earnings,surprise_pct,21,0.008394604006541217,-0.1130513026162761,-0.4010268227218685,-0.004990661496069729,3169
earnings,drift_window,21,-0.019064899694610473,-0.5861246483318402,-2.0791596381451134,-0.039994734794933325,3169
earnings,beat_streak,21,0.0032192228866038666,-1.1041088402460835,-3.9166046732421003,-0.051925975307683093,3169
earnings,surprise_accel,21,-0.0019028282909894748,-0.6692881577590356,-2.3741655087558144,-0.035424704526546315,3169
earnings,days_since,21,-0.004591745482670615,-0.82401997702104,-2.9230456049298006,-0.033846230048490265,3169
price,mom_21d,63,-0.008138197857702499,0.11766063057222065,0.41599314878151217,-0.015677502173062893,3125
price,mom_63d,63,-0.008067591855506333,-0.05021988040946463,-0.1757695814331262,-0.012835975043456918,3083
price,mom_126d,63,0.00043667759512665646,0.20050918243219118,0.6945841827133041,0.009315730078325573,3020
price,mom_252d_skip,63,-0.0005879171166575895,-0.03796566863599226,-0.12874784635964445,0.007467189691444215,2894
price,reversal_5d,63,0.005858162064309984,0.15115880362808126,0.5344270754073098,-0.004535857927540648,3127
price,reversal_21d,63,0.008138197857702499,-0.3099875445506579,-1.095971474175686,-0.004263476015072053,3125
price,dist_sma_50,63,-0.008578869487280108,-0.24393660746302137,-0.862446146583717,-0.017075258034551358,3097
price,dist_sma_200,63,-0.001399504739936476,0.03118032738290913,0.10688077743232581,0.00724496102593746,2947
price,rsi_14,63,-0.007778439982106369,-0.11647320732779179,-0.4117949736401413,-0.021659010372377645,3127
price,low_vol_63d,63,-0.03849048898540026,-0.8951821746037183,-3.133137611113014,-0.13161366235350688,3083
price,rel_volume_20,63,-0.0027120848289822535,-0.2503259758193211,-0.8850359750449083,-0.016228574519280014,3127
price,low_atr_14,63,-0.03344990597354206,-0.8016097851372259,-2.834118574680119,-0.12108752736829616,3127
price,near_52w_high,63,0.02574789546408522,-0.18113701626937034,-0.6142655082488,-0.011502925514981013,2895
earnings,sue,63,0.00342346504251998,0.3506485903516182,1.2397299802556654,0.01212095287960606,3127
earnings,surprise_pct,63,0.006372727137172898,0.3017257275205172,1.066761539941011,0.017483194288480792,3127
earnings,drift_window,63,-0.025572070068616032,-0.29722490831091647,-1.0508487410209943,-0.008451585146056,3127
earnings,beat_streak,63,-0.0042388629218019355,-0.4469360744569442,-1.580157645027005,-0.029204359586780013,3127
earnings,surprise_accel,63,-0.008824553771250973,-0.13146655302469024,-0.4648044557148964,-0.015099749076927443,3127
earnings,days_since,63,0.0048471631489603,-0.7266761803336035,-2.5691882742031473,0.001021120344489924,3127
