feature,auc_drop,auc_drop_sd
mkt_vol_20,0.05113901941813381,0.00339620236097466
mkt_dist_sma_200,0.02853776708220035,0.002023676261841845
mom_63d,0.004509362726806243,0.00039070984919309235
dist_sma_50,0.004499322588597902,0.0012926623383298468
mkt_ret_1d,0.0025665624667160123,0.0009700034106666414
gap_pct,0.0017824261830121275,0.0006820121069939314
atr_pct,0.0016549469652788658,0.00039015618016453245
mom_5d,0.0009701432507256783,0.0001689969918571098
ret_1d,0.0008461348819576534,0.000141124036520681
rel_volume_xs_rank,0.000838068509791808,0.00028659479852859897
vol_20_annual,0.0006268457505561967,0.0005429413099658374
mom_21d_xs_rank,0.0005674242204183333,0.0006826557123272804
range_pct,0.00055190967450743,8.906538683817674e-05
rel_volume,9.50312488130119e-05,0.0003397960960221987
above_200,0.0,0.0
dist_52w_high,-9.138164367779773e-05,0.0007381058880799523
regime_bull,-0.00011192370686667157,2.4071013394270204e-05
vol_20_xs_rank,-0.00021744943248632373,0.00018443890033817395
mom_21d,-0.0002582877691303942,0.0006320180030325504
dist_52w_low,-0.0005600244598025957,0.001328440934768859
dist_sma_200,-0.001242444758757344,0.00050715939943117
mom_126d,-0.0019968181401760488,0.000336231604025979
dist_sma_20,-0.0030544215711028424,6.745170183555548e-05
mkt_regime_bull,-0.009857330231913744,0.0014493669859830319
