n,base_rate,accuracy,accuracy_majority,accuracy_lift,auc,brier,top_decile_n,top_decile_precision,all_mean_net_ret,top_decile_mean_net_ret_naive,top_decile_dates,dates_available,pct_dates_traded,median_picks_per_date,max_picks_per_date,conc_top10_dates,top_decile_mean_net_ret,pct_dates_positive,top_decile_edge_bps,n_effective,n_nonoverlapping,sharpe_nonoverlap,t_stat,sharpe_naive_per_row,model,fold_id,test_start,test_end
13860,0.5822510822510822,0.5822510822510822,0.5822510822510822,0.0,0.5,0.24845497835497835,1386,0.49855699855699853,0.004767664592406736,0.002463361806682711,29,252,0.11507936507936507,55.0,55,0.3968253968253968,0.0011058882622158232,0.4827586206896552,-36.61776330190913,5.8,6,-1.3089230705909147,-0.4516213654217156,0.5512593902058984,always_long,1,2019-01-01,2019-12-31
13860,0.5822510822510822,0.4880952380952381,0.5822510822510822,-0.09415584415584416,0.4797982035428345,0.2623809523809524,1386,0.5678210678210678,0.004767664592406736,0.003773465447171358,55,252,0.21825396825396826,27.0,42,0.2813852813852814,0.005082641577882202,0.6,3.1497698547546578,11.0,11,1.968688379013789,0.9197251279152469,0.8518876321165185,momentum_rule,1,2019-01-01,2019-12-31
13860,0.5822510822510822,0.5508658008658008,0.5822510822510822,-0.031385281385281405,0.5378367608126646,0.24513409529690708,1386,0.696969696969697,0.004767664592406736,0.013366306601447296,152,252,0.6031746031746031,4.0,46,0.26695526695526695,0.006111187926646647,0.6381578947368421,13.43523334239911,30.4,31,-0.06956736968427508,-0.054559598014327866,2.5454936892344393,logistic,1,2019-01-01,2019-12-31
13860,0.5822510822510822,0.5325396825396825,0.5822510822510822,-0.049711399711399706,0.5467621181672455,0.24826907735301162,1386,0.6911976911976911,0.004767664592406736,0.015411397676958531,99,252,0.39285714285714285,4.0,55,0.3708513708513709,0.010800521170927066,0.6161616161616161,60.3285657852033,19.8,20,-1.034897300980869,-0.651924021639843,2.940146290658404,gbm,1,2019-01-01,2019-12-31
13915,0.5410707869205893,0.5410707869205893,0.5410707869205893,0.0,0.5,0.24927858426158817,1391,0.5456506110711719,0.003975844056901904,0.004758778165652954,29,253,0.11462450592885376,55.0,55,0.39539899352983465,0.005353649004026211,0.6896551724137931,13.778049471243067,5.8,6,2.1777466699179464,0.7513939869414383,0.7147765558566566,always_long,2,2020-01-01,2020-12-31
13915,0.5410707869205893,0.49586776859504134,0.5410707869205893,-0.04520301832554796,0.49702536557984767,0.2608264462809918,1391,0.5585909417685119,0.003975844056901904,0.007006210444540596,46,253,0.18181818181818182,33.5,39,0.26815240833932424,0.007187240279847204,0.6521739130434783,32.113962229452994,9.2,10,2.1163843848898622,0.9427125317828783,0.9226439561387898,momentum_rule,2,2020-01-01,2020-12-31
13915,0.5410707869205893,0.5597556593604024,0.5410707869205893,0.018684872439813094,0.5688654667241984,0.24544704079894342,1391,0.6678648454349388,0.003975844056901904,0.025196550014847833,104,253,0.41106719367588934,2.0,53,0.3558590941768512,0.0261224065190559,0.6153846153846154,221.46562462153997,20.8,21,1.661709308360196,1.072628746252814,2.2215633621594044,logistic,2,2020-01-01,2020-12-31
13915,0.5410707869205893,0.5287818900467122,0.5410707869205893,-0.012288896873877131,0.5534143227458691,0.3169485600826829,1391,0.6355140186915887,0.003975844056901904,0.015118253632462712,50,253,0.1976284584980237,28.0,55,0.39539899352983465,0.013284562231266455,0.68,93.08718174364552,10.0,10,0.8515980699888802,0.37933192965908635,1.0067349215048216,gbm,2,2020-01-01,2020-12-31
13860,0.5403318903318903,0.5403318903318903,0.5403318903318903,0.0,0.5,0.2492933621933622,1386,0.424963924963925,0.003961384432040023,-0.0028785324147270674,29,252,0.11507936507936507,55.0,55,0.3968253968253968,-0.0031672412718250446,0.4482758620689655,-71.28625703865067,5.8,6,-4.459070587229545,-1.5385255194617977,-0.7201199514405536,always_long,3,2021-01-01,2021-12-31
13860,0.5403318903318903,0.4974025974025974,0.5403318903318903,-0.04292929292929293,0.4916974551216948,0.26051948051948054,1386,0.5562770562770563,0.003961384432040023,0.0038980675520158535,42,252,0.16666666666666666,35.0,45,0.2994227994227994,0.005173065649478535,0.6904761904761905,12.116812174385126,8.4,9,0.8882921687164913,0.3753719529163819,0.8850204129081396,momentum_rule,3,2021-01-01,2021-12-31
13860,0.5403318903318903,0.5167388167388167,0.5403318903318903,-0.02359307359307361,0.5083670563842089,0.25190700105295244,1386,0.5562770562770563,0.003961384432040023,0.005238659988742215,229,252,0.9087301587301587,2.0,49,0.3037518037518038,-0.0022448858255516824,0.48034934497816595,-62.06270257591705,45.8,46,-0.24798535522511347,-0.23691343082232297,0.9003974985597333,logistic,3,2021-01-01,2021-12-31
13860,0.5403318903318903,0.45670995670995673,0.5403318903318903,-0.0836219336219336,0.4605270380443297,0.2759047131935959,1386,0.47619047619047616,0.003961384432040023,0.00037854168264064234,102,252,0.40476190476190477,6.5,54,0.3383838383838384,0.005480937227227226,0.5588235294117647,15.19552795187203,20.4,21,2.9692332328934974,1.9166318103336872,0.06714787706009552,gbm,3,2021-01-01,2021-12-31
13805,0.4822165881926838,0.4822165881926838,0.5177834118073162,-0.035566823614632426,0.5,0.2504556682361463,1380,0.3427536231884058,-0.003032152887888193,-0.01337953632114981,30,251,0.11952191235059761,55.0,55,0.39855072463768115,-0.016399813379698258,0.3,-133.67660491810065,6.0,6,-4.030966113239304,-1.390815442811278,-2.189114340959377,always_long,4,2022-01-01,2022-12-31
13805,0.4822165881926838,0.49865990583122055,0.5177834118073162,-0.01912350597609569,0.4911037449461204,0.2602680188337559,1380,0.5181159420289855,-0.003032152887888193,-0.0007141232240794437,70,251,0.2788844621513944,22.0,33,0.22391304347826088,-0.0014703156152242355,0.5142857142857142,15.618372726639574,14.0,14,-1.1555327258547525,-0.6090192207606592,-0.1290592926787314,momentum_rule,4,2022-01-01,2022-12-31
13805,0.4822165881926838,0.48634552698297717,0.5177834118073162,-0.03143788482433907,0.5601333601321243,0.26897896731199344,1380,0.6181159420289855,-0.003032152887888193,0.010756323895601425,75,251,0.29880478087649404,13.0,52,0.34782608695652173,0.006525258449096801,0.5733333333333334,95.57411336984994,15.0,15,-0.015299391874535348,-0.00834650254188697,1.6376308553711754,logistic,4,2022-01-01,2022-12-31
13805,0.4822165881926838,0.49605215501629846,0.5177834118073162,-0.021731256791017783,0.5579649214080058,0.2870242277588874,1380,0.5963768115942029,-0.003032152887888193,0.011824806961081239,56,251,0.22310756972111553,26.0,55,0.3855072463768116,0.0115149525668487,0.6071428571428571,145.47105454736894,11.2,12,-0.1513494286355686,-0.0738509592230851,1.624863258341644,gbm,4,2022-01-01,2022-12-31
13750,0.5311272727272728,0.5311272727272728,0.5311272727272728,0.0,0.5,0.24947745454545453,1375,0.49236363636363634,0.0034746718893009384,-0.0016054446356520823,29,250,0.116,55.0,55,0.4,-0.0013523775533957395,0.41379310344827586,-48.27049442696678,5.8,6,0.8829832261044284,0.30465815690583437,-0.33726867430159874,always_long,5,2023-01-01,2023-12-31
13750,0.5311272727272728,0.5005818181818181,0.5311272727272728,-0.030545454545454653,0.503288487102867,0.25988363636363637,1375,0.5389090909090909,0.0034746718893009384,0.004592291223223635,71,250,0.284,20.0,39,0.264,0.003930635631509251,0.5915492957746479,4.559637422083128,14.2,15,2.117620771380462,1.1552568426263976,0.7427002378109929,momentum_rule,5,2023-01-01,2023-12-31
13750,0.5311272727272728,0.5278545454545455,0.5311272727272728,-0.003272727272727316,0.5215004251797395,0.2492441446953068,1375,0.5970909090909091,0.0034746718893009384,0.009677430411092102,178,250,0.712,5.0,38,0.2370909090909091,0.006296816828140562,0.5674157303370787,28.22144938839624,35.6,36,1.184473693933307,1.0010629820417372,1.470646862699673,logistic,5,2023-01-01,2023-12-31
13750,0.5311272727272728,0.49163636363636365,0.5311272727272728,-0.03949090909090913,0.47754284872358255,0.2661122343092304,1375,0.5229090909090909,0.0034746718893009384,0.004316638015478293,83,250,0.332,7.0,55,0.3941818181818182,0.00677942575162322,0.5542168674698795,33.04753862322281,16.6,17,0.7129915062957388,0.41408886154413194,0.7153391879516137,gbm,5,2023-01-01,2023-12-31
13860,0.5268398268398269,0.5268398268398269,0.5268398268398269,0.0,0.5,0.24956320346320346,1386,0.5310245310245311,0.002708936695467074,0.0017480771680357568,29,252,0.11507936507936507,55.0,55,0.3968253968253968,0.0029231486924108222,0.5862068965517241,2.142119969437482,5.8,6,1.3077608734189363,0.4512203693009419,0.3473821239366163,always_long,6,2024-01-01,2024-12-31
13860,0.5268398268398269,0.5068542568542569,0.5268398268398269,-0.019985569985569995,0.5053786539826784,0.25862914862914865,1386,0.5591630591630592,0.002708936695467074,0.007763350840144692,61,252,0.24206349206349206,25.0,35,0.23665223665223664,0.009479277723958545,0.6721311475409836,67.70341028491471,12.2,13,4.35548791536497,2.212041248070692,1.3073484492253515,momentum_rule,6,2024-01-01,2024-12-31
13860,0.5268398268398269,0.5367965367965368,0.5268398268398269,0.009956709956709942,0.5410337431940131,0.24868674074942687,1386,0.5829725829725829,0.002708936695467074,0.007747775853798542,225,252,0.8928571428571429,3.0,43,0.18181818181818182,0.002347776665328533,0.5822222222222222,-3.611600301385411,45.0,45,0.15798543302097848,0.1492822023372717,1.1325326398777302,logistic,6,2024-01-01,2024-12-31
13860,0.5268398268398269,0.5275613275613276,0.5268398268398269,0.0007215007215006786,0.5190349408589257,0.25311761170452757,1386,0.5858585858585859,0.002708936695467074,0.00810621653765439,161,252,0.6388888888888888,3.0,54,0.3354978354978355,0.007998553993408928,0.5652173913043478,52.896172979418544,32.2,33,1.0011216145426387,0.8100811745829143,1.255256398294162,gbm,6,2024-01-01,2024-12-31
13420,0.5387481371087929,0.5387481371087929,0.5387481371087929,0.0,0.5,0.24932503725782415,1342,0.511177347242921,0.002545802809674948,0.003862338106469467,28,244,0.11475409836065574,55.0,55,0.4098360655737705,0.0036805625454970443,0.6428571428571429,11.347597358220963,5.6,6,-0.4505682032558013,-0.155460799600797,0.6829839129452607,always_long,7,2025-01-01,2025-12-31
13420,0.5387481371087929,0.481371087928465,0.5387481371087929,-0.05737704918032788,0.48732372965810644,0.263725782414307,1342,0.555886736214605,0.002545802809674948,0.0009914692623634914,50,244,0.20491803278688525,29.0,39,0.2585692995529061,0.0014511020973908364,0.6,-10.947007122841116,10.0,10,0.003192878883666986,0.0014222212928746566,0.20681168668066527,momentum_rule,7,2025-01-01,2025-12-31
13420,0.5387481371087929,0.5114754098360655,0.5387481371087929,-0.027272727272727337,0.5020983516446684,0.2555188429719437,1342,0.5983606557377049,0.002545802809674948,0.010776897953973918,52,244,0.21311475409836064,14.5,55,0.4098360655737705,-0.0034947091916597787,0.5384615384615384,-60.40512001334727,10.4,11,-0.15435508631170383,-0.07211108320429946,1.2450385589081707,logistic,7,2025-01-01,2025-12-31
13420,0.5387481371087929,0.5290611028315947,0.5387481371087929,-0.009687034277198192,0.5285381096981925,0.2583718775016992,1342,0.6371087928464978,0.002545802809674948,0.015618968829253635,66,244,0.27049180327868855,7.0,55,0.4076005961251863,0.011879226305542105,0.6515151515151515,93.33423495867157,13.2,14,-0.5950841445610993,-0.31363688271099577,2.0392373439412865,gbm,7,2025-01-01,2025-12-31
