score,horizon,raw_ic,raw_ic_t,raw_ret_ann,raw_sharpe,raw_t,raw_breadth_eff,raw_breadth_pct,neu_ic,neu_ic_t,neu_ret_ann,neu_sharpe,neu_t,neu_breadth_eff,neu_breadth_pct
mom_21d,21,-0.01598256973058797,-1.771322010248982,-0.05949680774605819,-0.6008076837716488,-2.131244761572,1413.1157624401565,0.2453325976458605,-0.006356416612627529,-1.268647592803472,-0.03764349322723412,-0.4618905747526041,-1.638464178222982,5280.237928627964,0.9167079737201326
mom_21d,63,-0.01668947678323375,-0.5361639040431063,-0.025452594106077586,0.004364024593205304,0.015429156915601674,0.06837367688586049,3.5611290044719005e-05,-0.008138197857702499,0.21025706236965305,-0.015677502173062893,0.11766063057222065,0.41599314878151217,209.02866866239904,0.10886909826166617
mom_21d,126,-0.001818005741643537,0.7783760456875879,0.003301505459302822,0.22140898450294808,0.7827989717883089,14832.008958206616,15.450009331465225,0.0022012058398300197,0.9723546127122652,0.00681123627140664,0.16806968462297658,0.5942160685439557,5829.851032939639,6.072761492645457
mom_63d,21,-0.012008984393829332,-0.8444927969654312,-0.0592389559321764,-0.3630755459194508,-1.2793798613215366,914.074170868632,0.15869343244247083,-0.0042092551709375006,-0.519434079141811,-0.044089610552629624,-0.33525707957988865,-1.1813551223720766,6343.740466832458,1.1013438310473018
mom_63d,63,-0.01380816783574375,-1.1253262013695884,-0.012024998709464683,-0.17928276969771406,-0.6274896939419992,168.5795892934131,0.08780186942365266,-0.008067591855506333,-1.0516003138163028,-0.012835975043456918,-0.05021988040946463,-0.1757695814331262,38.74926869713115,0.020181910779755806
mom_63d,126,0.009433921174928065,0.7805099285643401,0.02701192939845489,0.20381079511363767,0.7060213045356621,466.7344742173258,0.48618174397638103,0.0056485121377644575,0.3030742898200675,0.01717322037896655,0.26254295917500864,0.9094754889211929,2160.392292797831,2.250408638331074
mom_126d,21,-0.0016839459624121533,-0.23544205162092716,-0.025956015736353963,-0.1789572307287115,-0.6242162287483025,11293.854787698612,1.960738678419898,0.0017995795613838517,-0.09817458681426906,-0.023557944684857775,-0.2641622024043086,-0.9214175537429568,21547.61709607394,3.7409057458461703
mom_126d,63,0.002187010613772414,0.5183579675538169,0.01951607522552135,0.18500409641267065,0.6408729891902333,7155.844723464353,3.7270024601376837,0.00043667759512665646,0.20078547829760837,0.009315730078325573,0.20050918243219118,0.6945841827133041,210836.94395570806,109.81090831026462
mom_126d,126,0.025047085758130125,0.7026905137198542,0.04706503665850842,0.12449169640532895,0.4312518865889389,24.703947996029957,0.025733279162531205,0.015121482209678842,0.4396034126501067,0.0281016346934026,0.19487976884704325,0.6750833220207149,166.09049748953103,0.17301093488492816
mom_252d_skip,21,0.0019070049300864537,-0.0227401534880003,-0.01965042459182205,-0.1500904611045529,-0.5126565217928425,6194.447151229208,1.0754248526439598,0.003418984458266879,0.030868818846140025,-0.015409633338643924,-0.1764341116372483,-0.6026372184609009,2662.9981020698933,0.4623260593871343
mom_252d_skip,63,-0.005315878384398318,-0.18342004320365185,0.009001092824770681,-0.025941310439210805,-0.08797126379670998,23.814076722795978,0.012403164959789572,-0.0005879171166575895,-0.1334580646992238,0.007467189691444215,-0.03796566863599226,-0.12874784635964445,4170.13290922157,2.171944223552901
mom_252d_skip,126,0.004399962218311836,0.06178032690614632,0.02403341824707297,0.06743609625401532,0.2286869287842648,234.90212694400358,0.2446897155666704,0.005940882770277232,0.16758280827164693,0.018681523102491954,0.1532231815491547,0.519605089165339,665.1919523762815,0.6929082837252932
reversal_5d,21,0.012316760010425407,2.150115257884016,-0.003767817889405181,0.34746290386709955,1.2325549651072818,795.8366418578938,0.13816608365588434,0.008564175014089462,2.0346812487819363,-0.014399452616961878,0.23499531042351507,0.8335987336081669,752.9173821501349,0.13071482328995399
reversal_5d,63,0.010476399407563137,1.627417820769059,0.001065654122774729,0.3175326530057844,1.1226474609427257,918.6555206349606,0.4784664169973753,0.005858162064309984,0.7166259130416383,-0.004535857927540648,0.15115880362808126,0.5344270754073098,665.8005163712581,0.34677110227669694
reversal_5d,126,0.0004386972478233737,0.19043842131127356,-0.011405412233833607,-0.15515320488818893,-0.5485494164963208,125081.09718520794,130.29280956792493,-0.000857327924838551,-0.7652670851738096,-0.010361949641390053,-0.18025201907431063,-0.6372871250500597,44204.485149620145,46.04633869752099
reversal_21d,21,0.01598256973058797,1.771322010248982,-0.007682158518003327,0.1483610096263397,0.5262809267064008,86.16806578711419,0.014959733643596214,0.006356416612627529,1.268647592803472,-0.028084623319293248,-0.10265818527679604,-0.3641593233797849,260.83295262073403,0.045283498718877435
reversal_21d,63,0.01668947678323375,0.5361639040431063,0.0031390807268095455,-0.1719986485357903,-0.6081070536728949,106.2098084399579,0.05531760856247807,0.008138197857702499,-0.21025706236965305,-0.004263476015072053,-0.3099875445506579,-1.095971474175686,1450.8816881373787,0.7556675459048847
reversal_21d,126,0.001818005741643537,-0.7783760456875879,-0.014364817648560024,-0.2994110152558606,-1.0585777962468392,27123.457337652166,28.253601393387672,-0.0022012058398300197,-0.9723546127122652,-0.015549352007655615,-0.2800717286974022,-0.9902030929028603,16188.895935493922,16.863433266139502
dist_sma_50,21,-0.016513567809886127,-1.1524922588489113,-0.06633146000169025,-0.49427510172058925,-1.7475263809914958,895.8919619108384,0.15553679894285388,-0.0050060295596150006,-0.7195963920557749,-0.04246842871055351,-0.5499863724516442,-1.9444954676037391,12070.27147385917,2.0955332419894392
dist_sma_50,63,-0.017884264093505464,-0.9189413993569809,-0.025538787774797338,-0.20433232360972528,-0.7224238582002042,130.53651040224224,0.06798776583450117,-0.008578869487280108,-0.7716619991037471,-0.017075258034551358,-0.24393660746302137,-0.862446146583717,808.5257157549665,0.4211071436223784
dist_sma_50,126,0.0005448381801580706,-0.6978341122165284,0.007758824205180375,-0.22619442257609781,-0.7997180503506712,172356.91685719872,179.538455059582,0.003507340015313419,-0.7359623065148453,0.008842712121053208,-0.2618780006630632,-0.9258785505621359,5574.966896213346,5.807257183555569
dist_sma_200,21,-0.00193792336502779,0.16356848330418505,-0.025756291673417284,-0.11015153225541746,-0.38024887555443293,3230.7837338404083,0.5608999537917375,0.0019065248001436926,0.3207891698607772,-0.024743928055342045,-0.17869741636884656,-0.6168728681973857,8785.19951645359,1.5252082493843038
dist_sma_200,63,-0.0006865721479506798,-0.01955787475527362,0.011522793573698866,0.05158055534913943,0.1768092357852842,5644.1645206953035,2.9396690211954706,-0.001399504739936476,-0.008464202637945558,0.00724496102593746,0.03118032738290913,0.10688077743232581,496.3780792969173,0.2585302496338111
dist_sma_200,126,0.017491477850992424,1.0002238035975715,0.03470464953782695,0.2047131787640591,0.6942161651361803,136.97414401290584,0.1426814000134436,0.0103647594008587,0.8419013742360323,0.024236116167964637,0.282583630622647,0.9582877153561871,743.319542426578,0.7742911900276854
rsi_14,21,-0.015969207133622036,-1.6573330659402195,-0.06742296281711038,-0.6962460730477928,-2.4697933066251614,1900.8979801635617,0.33001701044506276,-0.004525989078743916,-1.04199614157384,-0.04857334904306189,-0.6705089004788094,-2.378495848724858,21947.350073605056,3.8103038322231
rsi_14,63,-0.01809013866622677,-1.1090886928183912,-0.032948525979341635,-0.30302792807302886,-1.0713655141467404,280.59602928862864,0.14614376525449407,-0.007778439982106369,-0.35713806699437783,-0.021659010372377645,-0.11647320732779179,-0.4117949736401413,224.21623696041007,0.11677929008354691
rsi_14,126,-0.006125673386999514,-0.2759437115238843,-0.006771960390852602,-0.12606576206343223,-0.4457097761525136,423.5323937102902,0.4411795767815523,-0.0007139573897730034,0.26495853280601805,-0.0012524044429171935,-0.0293726553464482,-0.10384801888464411,1692.5512683097793,1.7630742378226867
low_vol_63d,21,-0.033228394129861484,-1.5974394998255712,-0.2067449588417198,-0.972363997589296,-3.4263472998146733,856.3258112839021,0.1486676755701219,-0.02174762842603329,-1.4786686095387132,-0.1470903376367355,-0.9440503640689825,-3.326577725868308,1884.3714680305181,0.3271478243108538
low_vol_63d,63,-0.059352102150999245,-1.7789305167304226,-0.19204405242045233,-0.8611908046821454,-3.0141678163875083,210.5360918663957,0.10965421451374777,-0.03849048898540026,-1.767581480642905,-0.13161366235350688,-0.8951821746037183,-3.133137611113014,540.8987707869939,0.28171810978489265
low_vol_63d,126,-0.07415905959240902,-0.9612769209450238,-0.19719057249463842,-0.6655073938270167,-2.305385237842286,80.5336424009004,0.08388921083427126,-0.04766688194595192,-0.7682975277876001,-0.1335964967652171,-0.6674470828680464,-2.3121045177821817,196.06505260292036,0.2042344297947087
rel_volume_20,21,-0.002490820945352789,0.775521904965277,-0.03983381320158961,-0.3344163917699638,-1.1862750800211674,18025.615179092863,3.1294470797036222,-0.0030873682257676143,0.17084667283505153,-0.04539388454649645,-0.5498626683438267,-1.9505275367569832,31719.885435378466,5.506924554753206
rel_volume_20,63,-0.0030981359008685045,-0.29957946088339726,-0.01744158501595425,-0.1597036675659718,-0.5646377315813037,2657.2281881800072,1.383973014677087,-0.0027120848289822535,-0.248206761769624,-0.016228574519280014,-0.2503259758193211,-0.8850359750449083,8519.32717101881,4.437149568238963
rel_volume_20,126,-0.004042270261928604,0.44598059850891636,-0.014325578621069068,0.06968319689251781,0.24636730528728348,297.17032578578903,0.3095524226935302,-0.0032327371994276192,0.42759887745100056,-0.013279842731900502,-0.0724011858767226,-0.25597684749689115,501.5919499656639,0.5224916145475665
low_atr_14,21,-0.0299514824298139,-1.629134772389469,-0.19322122197118413,-0.9536771494315776,-3.3829784203117383,1013.8322661339345,0.17601254620380807,-0.017871602071021668,-1.4226835196415275,-0.13449062690297928,-0.9991714054390228,-3.544360169274748,3125.7412333982634,0.5426634085760874
low_atr_14,63,-0.05031938112554797,-1.5112279056382851,-0.17611683604095277,-0.8122875201884648,-2.8718700689923407,260.58473997348943,0.13572121873619242,-0.03344990597354206,-1.178721557812808,-0.12108752736829616,-0.8016097851372259,-2.834118574680119,574.2965630701195,0.29911279326568724
low_atr_14,126,-0.06458211129654065,-1.4023267386373994,-0.18415888709361813,-0.8497175628340518,-3.004205253866321,173.1110187304422,0.18032397784421061,-0.041072231427635435,-1.0312603322066713,-0.12350473242913909,-0.851124388590627,-3.009179134028432,429.4271251373541,0.4473199220180772
near_52w_high,21,0.017006034889056783,0.6916565017325402,-0.05225938976627028,-0.3511066571499845,-1.1992575431388492,426.2574637013302,0.07400303189259205,0.01814467042454502,0.9533282316662958,-0.047850761535617445,-0.4282683894170136,-1.4628150336576506,557.1009153663473,0.09671890891776863
near_52w_high,63,0.026881824365484083,0.8351595150916296,-0.011249672635024884,-0.20687637353301813,-0.7015519155066058,59.22489652570269,0.030846300273803483,0.02574789546408522,0.9139850919135609,-0.011502925514981013,-0.18113701626937034,-0.6142655082488,49.491537396160794,0.025776842393833748
near_52w_high,126,0.0487517644727312,1.897196982096377,0.006941033495593831,0.21679752071930186,0.7351961625208712,19.77552150429238,0.02059950156697123,0.041956154944977626,1.835474671419041,0.005851677396356953,0.10285467913804187,0.34879718711133517,6.009754706161091,0.006260161152251137
