signal,var_before,var_after,r2_removed,resid_std
reversal_5d,0.9704414374780028,0.07211533005239042,0.9256881175232946,0.26854297617400164
low_vol_63d,0.9656375213005804,0.1061725260405681,0.8900492952080318,0.3258412589598931
mom_126d,0.9729173254904135,0.11029697961350282,0.8866327315551648,0.33210989086972825
mom_252d_skip,0.9912571113378014,0.1545521101460069,0.8440847400959139,0.39313116150466487
dist_sma_200,0.9859861116441093,0.1911358730199353,0.8061474996831136,0.43719088853718724
c_price,0.20551850197627142,0.055977551671899925,0.7276276776367174,0.23659575581971018
low_atr_14,0.9452342812592714,0.3257735923234654,0.6553514839839925,0.5707657946333727
mom_63d,0.9726980155290706,0.4812820812216763,0.5052091465819462,0.6937449684298087
rsi_14,0.9846257136185281,0.5057299222423297,0.4863734358675669,0.7111469062312862
near_52w_high,0.9911929244240083,0.5176238452444308,0.47777689641476506,0.7194608017428266
dist_sma_50,0.97320461666712,0.509217494900521,0.4767621462335331,0.7135947693898275
mom_21d,0.9695330321215234,0.6060800232012256,0.37487429193102717,0.7785114149460016
reversal_21d,0.9695330321215234,0.6060800232012256,0.37487429193102717,0.7785114149460016
short_ratio,0.9910938605208458,0.82745924692846,0.16510506230599753,0.909647869743265
days_to_cover,0.9913503762470253,0.8283155284146521,0.16445734196377415,0.9101184145014604
c_all,0.1409679428524421,0.11968116781105415,0.1510043674516116,0.3459496608049416
asset_growth,0.976259275304118,0.9015136710263383,0.07656327183626044,0.949480737575196
c_alt,0.2897073331971937,0.27167269297688357,0.06225123824544199,0.5212223066762238
gross_profitability,0.9524292756312501,0.9001824196798976,0.05485641536661534,0.9487794367922914
c_fundamentals,0.243148789537612,0.23323372386656072,0.04077777105083036,0.48294277493980664
earnings_yield,0.9746967467777619,0.9416018302529419,0.03395406482501151,0.9703617007348043
accruals,0.9731839867443591,0.9444613702623088,0.0295140660689841,0.9718340240299826
rel_volume_20,0.9780666692648435,0.9501196700715255,0.028573715955706902,0.9747408219991228
surprise_pct,0.9761993752746657,0.9503837108031196,0.026445073747647707,0.9748762540974724
c_earnings,0.8239860137227594,0.8022823057787264,0.026339898472276135,0.8957021300514622
book_to_price,0.9755647123036871,0.9537320895185503,0.022379471612479218,0.9765920793855284
sue,0.9912526274512709,0.9695831143104445,0.021860737152892495,0.9846741157918413
roe,0.9761822950591921,0.9565117749276387,0.020150457789608445,0.9780141997576716
insider_buyer_breadth,0.9549941480203334,0.9364337075406481,0.019435135302305673,0.9676950488354522
insider_net_flow,0.8606970290393443,0.8457545733424459,0.017360877512934247,0.9196491577457383
short_change,0.9468534899115446,0.9316626699135471,0.016043474687321146,0.965226745336839
insider_buy_intensity,0.9195178108027323,0.9050879475127082,0.01569285893160355,0.9513611025855052
