threshold,top_n,stop_atr,trades,return_pct,sharpe,max_dd_pct,profit_factor,gross,costs,net
0.5,1,1.0,910,-5.228281753415176,0.009641930225665089,26.959187756728497,0.983193959334624,4268.300680914968,4781.41879202309,-513.1181111081203
0.5,1,1.5,919,23.84646448862433,0.3279903917390894,16.448505832215172,1.084671510774947,6997.330311166264,4603.050432026579,2394.2798791396854
0.5,1,2.0,923,25.96791394048492,0.3760160124709012,14.166919986941211,1.1035809616729284,6848.652972991999,4303.330954788843,2545.322018203157
0.5,3,1.0,1052,-3.3258808907751902,0.02420847002103299,24.666048693609067,0.9901506183548685,4902.454184597016,5210.721181693027,-308.266997096012
0.5,3,1.5,1007,17.78352196987891,0.24312430503649363,16.563694878049617,1.0648941294176368,6520.210373860562,4715.587050749624,1804.6233231109381
0.5,3,2.0,968,15.87150876947554,0.2466354334013427,18.08361716131471,1.0643757400737577,6035.627392966844,4420.707693918462,1614.9196990483827
0.5,5,1.0,1090,-3.6520805568399206,0.020397235960064555,24.652001366993627,0.9890819379324517,4929.411110622419,5270.298074324906,-340.88696370248636
0.5,5,1.5,1014,24.459313486072265,0.3092965140750775,16.847706615948997,1.0869626508975192,7293.85479460654,4824.5785108796845,2469.2762837268538
0.5,5,2.0,971,15.966441171871825,0.2476584767352062,18.049351928013042,1.0647103048485713,6054.329660167967,4429.916720879954,1624.4129392880136
0.52,1,1.0,908,5.259186618034151,0.11973651983409385,22.958410305071077,1.0170979574154166,5423.405913070985,4887.703834910148,535.7020781608362
0.52,1,1.5,898,36.594968953943166,0.45315958210358787,16.683604575476245,1.1274085372999916,8324.313220600478,4653.273716901564,3671.039503698914
0.52,1,2.0,891,47.12215492980438,0.5958971869560096,14.132579497396373,1.182255290685357,9073.118471072961,4420.32525647082,4652.79321460214
0.52,3,1.0,1026,7.532936160284698,0.13345934261546205,21.65503612804429,1.0246694513648438,5989.238528662702,5211.079474191238,778.1590544714638
0.52,3,1.5,970,27.924446198782537,0.34067411365085937,17.540937270644225,1.0941485344967687,7720.790562635531,4894.651386525587,2826.139176109944
0.52,3,2.0,943,23.191161351353884,0.33190627735941614,16.853430655847706,1.092934185818525,6749.873732862846,4417.964634940593,2331.909097922252
0.52,5,1.0,1051,8.551690290479662,0.14316054113325818,21.5397637448978,1.0279497272890965,6132.437640647685,5251.932178819261,880.5054618284238
0.52,5,1.5,993,35.49408857812706,0.40601979601238597,18.37111716434538,1.1181940304902604,8525.565960835724,4986.418587671151,3539.147373164571
0.52,5,2.0,943,20.166328403651267,0.2999356975454195,16.611415568403554,1.0817732757057477,6441.980580383481,4394.65272691411,2047.3278534693716
0.55,1,1.0,836,-3.828237883924268,0.02193896423193989,26.3359187692291,0.9871148701640687,4124.940714878752,4498.054439037782,-373.1137241590304
0.55,1,1.5,830,12.587035615652553,0.20806041435577752,16.994116998199672,1.048685266488644,5427.102028801695,4159.76831879131,1267.3337100103845
0.55,1,2.0,848,35.15154804643916,0.47726810399529757,15.146966549107931,1.1430317800867433,7606.85016498157,4148.181145343606,3458.669019637965
0.55,3,1.0,967,-4.214570417479768,0.012004346865945424,22.192729199471998,0.9864158957294356,4406.551453459337,4803.687403225807,-397.1359497664703
0.55,3,1.5,917,16.182639314728764,0.22968030916282572,17.054166134050174,1.0579756918032115,6077.971115046648,4481.9140933455,1596.057021701147
0.55,3,2.0,891,7.202526200363235,0.1404924809811572,17.563587417247202,1.0316230932570958,4810.065928761893,4065.5894206213206,744.4765081405716
0.55,5,1.0,987,-3.6395945700982923,0.018084626537004326,20.988970446960924,0.988245496059866,4472.84450458119,4812.482869609514,-339.6383650283219
0.55,5,1.5,927,4.918941582695013,0.10839044527387467,18.72782123240508,1.017450813684141,4886.427073246795,4413.646324759702,472.78074848709275
0.55,5,2.0,892,18.104669037158484,0.27495641896175715,14.320327928371245,1.0775753523511198,5986.685730849542,4148.450005032862,1838.23572581668
0.58,1,1.0,782,10.116713266542575,0.16846365712080894,20.352896285902656,1.0348393020086233,5476.830663318249,4453.540094403252,1023.2905689149984
0.58,1,1.5,780,26.116179113117877,0.3604802939803024,17.156553977945226,1.0948490156514148,6850.83747745223,4223.162282424621,2627.6751950276084
0.58,1,2.0,792,37.43052313349007,0.5019162343680362,14.907953443088893,1.1518830640673163,7629.158109927788,3940.5850179204876,3688.573092007301
0.58,3,1.0,899,8.538353192891712,0.14318443067465678,20.695293086987203,1.0291491611091252,5677.210692674454,4798.038940604827,879.1717520696277
0.58,3,1.5,862,24.048827037465827,0.3105165055937644,13.27556294385902,1.0914962673735535,6745.5628179858495,4298.875228361276,2446.687589624573
0.58,3,2.0,836,26.081114567483922,0.36563503390344076,12.431508892938634,1.1140184896203023,6596.34143503791,3955.227517175017,2641.1139178628932
0.58,5,1.0,932,3.962599836538594,0.09784621757971801,22.49258835135784,1.013955347535603,5233.065452452076,4813.88201903015,419.1834334219268
0.58,5,1.5,875,28.471566240107382,0.35343150917442107,13.643271266333814,1.107821225050925,7200.608891716911,4351.915031478757,2848.693860238155
0.58,5,2.0,841,23.820062847436276,0.3386500612377368,11.553966733107607,1.1042774358428034,6357.593856331521,3944.892558483646,2412.7012978478756
0.6,1,1.0,720,14.638849521910702,0.21355986218483394,14.993271607026177,1.053968597854733,5589.435369892692,4113.931175440878,1475.5041944518139
0.6,1,1.5,738,40.09080901004496,0.48457843643376136,15.9167181824858,1.1509946701495593,8048.234470126116,4027.6109608170254,4020.623509309093
0.6,1,2.0,743,36.00422512908528,0.5002454439582209,12.811010935589778,1.164297817546931,7132.913008232628,3588.9762803300523,3543.936727902576
0.6,3,1.0,841,12.668615664092808,0.18312827689248545,18.003584736928307,1.0456993533421401,5752.544824219893,4457.221027312871,1295.3237969070235
0.6,3,1.5,802,56.64065011447696,0.5931159550608127,13.354879130445774,1.2144769878529862,9941.887442818785,4282.405291451806,5659.482151366979
0.6,3,2.0,784,22.395084681604004,0.33738340819781654,11.385317223422781,1.106009499545352,5890.552606613999,3643.31660437157,2247.236002242431
0.6,5,1.0,854,10.56897518154878,0.1630007868173029,18.32388058264658,1.0385649945939324,5542.054614808954,4459.307455882592,1082.7471589263623
0.6,5,1.5,810,46.49172969354791,0.5138119433756756,13.984213780410009,1.1801349005481128,8834.520480497475,4197.699213948012,4636.821266549463
0.6,5,2.0,788,23.810214003334917,0.35480361312430764,12.538139121801947,1.1131299766675933,6095.48689332719,3681.463031879196,2414.023861447993
