signal,horizon,trades,dates,n_nonoverlap,sharpe,excess,p,hit_rate
golden_cross_50_200,5,490,431,87,0.9376660433054713,0.0009016359393623826,0.5905,0.5489795918367347
golden_cross_50_200,21,487,428,21,0.9436691797974558,-0.0022181076239640198,0.423,0.5770020533880903
golden_cross_50_200,63,480,421,7,0.3333814813412973,0.006052381302795415,0.173,0.6208333333333333
golden_cross_20_100,5,1161,875,175,0.41591173730012254,-0.0004475108719691886,0.7085,0.533161068044789
golden_cross_20_100,21,1158,872,42,0.06893941543117767,-4.3379647773255896e-06,0.999,0.582901554404145
golden_cross_20_100,63,1141,860,14,0.0016464589497509536,-0.004516993314940235,0.2995,0.6099912357581069
death_cross_50_200,5,498,427,86,0.2464272595293295,-0.00025703645883056093,0.8825,0.5582329317269076
death_cross_50_200,21,493,422,21,0.3640324730586414,-0.0002187266919511815,0.929,0.5841784989858012
death_cross_50_200,63,486,416,7,0.6663275627421611,0.007881583639578452,0.179,0.6954732510288066
above_sma_200,5,112961,3005,601,0.7974256325238256,-5.454986602102414e-05,0.8595,0.5313515284036083
above_sma_200,21,112437,2989,143,1.0510400353314182,-1.399619594970619e-05,0.9865,0.5708885864973274
above_sma_200,63,110891,2947,47,1.4587877308969368,0.0013706353267873086,0.5465,0.6152077265062088
above_sma_50,5,105190,3147,630,0.6831487586428739,-0.0004683727022284219,0.123,0.5270653103907216
above_sma_50,21,104783,3131,150,0.9864296277921634,-0.001525376975126909,0.09,0.5651393832969088
above_sma_50,63,103553,3089,50,0.955185082335802,-0.0029048280662268616,0.263,0.6071287166957983
cross_above_sma_50,5,6146,2224,445,0.7393117047407729,-0.0006874989105213975,0.3075,0.5231044581841848
cross_above_sma_50,21,6117,2211,106,0.9945284453083217,-0.0009243526875715067,0.483,0.5725028608795161
cross_above_sma_50,63,6034,2177,35,1.25374821050417,-0.004594829125634438,0.109,0.6140205502154458
cross_above_sma_20,5,10249,2601,521,0.42712352880139887,-0.0006109133048894685,0.229,0.5295150746414284
cross_above_sma_20,21,10203,2588,124,0.49327069039077626,-0.0006336560165797975,0.5935,0.5709105165147506
cross_above_sma_20,63,10061,2548,41,0.2647680644997212,-0.003846930144299484,0.031,0.6285657489315177
ma_ribbon_aligned,5,75894,2991,599,0.6637390530509204,-6.294661383405884e-06,0.9885,0.5294884971143964
ma_ribbon_aligned,21,75579,2975,142,0.9217750076960309,-0.000983978189418906,0.5035,0.5671681287130023
ma_ribbon_aligned,63,74663,2933,47,1.4557769734679855,0.00042729523407029066,0.908,0.610235324056092
ema_cross_12_26,5,3003,1657,332,-0.08208155890723849,-0.0013304603065189145,0.128,0.5234765234765235
ema_cross_12_26,21,2994,1650,79,0.36853981494147087,-0.0025280243402507796,0.0775,0.5794923179692719
ema_cross_12_26,63,2954,1624,26,-0.2308575071654449,-0.006760161005506461,0.0095,0.6154366960054164
rsi_oversold_30,5,1783,856,172,1.3351680572480964,0.0017224200066101732,0.2045,0.5759955131800336
rsi_oversold_30,21,1764,848,41,1.6578191306501142,0.003173156400284162,0.201,0.6434240362811792
rsi_oversold_30,63,1752,837,14,0.9206257975243316,0.007281318771382033,0.1195,0.704337899543379
rsi_oversold_20,5,155,113,23,-1.654085415056677,-0.011392918595397598,0.017,0.5483870967741935
rsi_oversold_20,21,154,112,6,1.9796301399323954,-0.006228750651064244,0.4755,0.5974025974025974
rsi_oversold_20,63,154,112,2,,0.007405760525669007,0.31,0.7402597402597403
rsi_overbought_70,5,3713,1749,350,0.4108711521194096,0.0008189791099634294,0.266,0.5127928898464853
rsi_overbought_70,21,3704,1745,84,0.10623214273357855,0.001881896357932514,0.336,0.5693844492440605
rsi_overbought_70,63,3672,1726,28,0.9172760865452877,0.0015697705790960548,0.6555,0.610838779956427
rsi_cross_50,5,9751,2574,515,0.3602152683650432,-0.0005301661475687877,0.2985,0.5298943698082248
rsi_cross_50,21,9708,2560,122,0.8103916520866667,-0.001817921663549196,0.1215,0.5764318088174701
rsi_cross_50,63,9569,2520,40,0.8142495114890183,-0.0016925042842292008,0.4115,0.6286968335249242
macd_cross_up,5,6921,2361,473,-0.059860708010937874,-0.0009154877622594168,0.153,0.522034388094206
macd_cross_up,21,6898,2348,112,0.23515685465352107,-0.0025424581917786507,0.027,0.5661061177152797
macd_cross_up,63,6801,2311,37,0.35933727855044933,-0.0024590864644418132,0.047,0.6268195853550949
macd_hist_positive,5,6921,2361,473,-0.059860708010937874,-0.0009154877622594168,0.153,0.522034388094206
macd_hist_positive,21,6898,2348,112,0.23515685465352107,-0.0025424581917786507,0.027,0.5661061177152797
macd_hist_positive,63,6801,2311,37,0.35933727855044933,-0.0024590864644418132,0.047,0.6268195853550949
stochastic_oversold,5,10953,2503,501,0.0661285557826223,-0.00026415434180437805,0.588,0.5339176481329316
stochastic_oversold,21,10876,2488,119,0.2321417091197924,0.0003965474404362828,0.7245,0.586428834130195
stochastic_oversold,63,10728,2448,39,0.585738002434094,0.000390313265624553,0.876,0.6416853094705444
bollinger_lower_touch,5,8151,1956,392,0.4507955112440536,-0.0002106037493350876,0.831,0.5540424487792909
bollinger_lower_touch,21,8080,1940,93,0.10634339643478989,-0.000401119839179447,0.841,0.6092821782178218
bollinger_lower_touch,63,8028,1908,31,0.698604033302211,5.668477342294851e-05,0.9895,0.6682859990034878
bollinger_upper_break,5,5466,2051,411,0.08504503446502869,0.000493026713226557,0.4835,0.5201244054152946
bollinger_upper_break,21,5447,2042,98,0.25692123615176743,-0.00031432028978474463,0.83,0.5700385533321094
bollinger_upper_break,63,5380,2007,32,0.9786349175810276,-0.0001063584249076713,0.9645,0.6063197026022304
donchian_break_20,5,14518,2648,530,0.446142796010104,0.0006519131731862697,0.281,0.5209395233503238
donchian_break_20,21,14482,2635,126,0.810079511798604,0.0010142498585777274,0.513,0.5735395663582378
donchian_break_20,63,14337,2595,42,0.7575536826151915,0.001338583827562723,0.6735,0.6013810420590081
donchian_break_55,5,9455,2364,473,0.9865998434259442,0.0010539641046516844,0.1595,0.5150713907985193
donchian_break_55,21,9441,2357,113,0.571775938013628,0.002056904253084875,0.2715,0.5656180489354942
donchian_break_55,63,9366,2326,37,0.9120982595346026,0.004168524347109117,0.362,0.6019645526371984
new_52w_high,5,5598,1850,370,0.10960918245605217,0.001582624609404295,0.0975,0.5171489817792069
new_52w_high,21,5592,1846,88,0.9516721162406125,0.004165292435602286,0.1255,0.5649141630901288
new_52w_high,63,5564,1830,30,0.49530154750309796,0.005065057600094399,0.2985,0.5965132997843278
resistance_break_volume,5,2893,1504,301,0.7380622224601477,0.0017915663598038235,0.085,0.5105426892499136
resistance_break_volume,21,2883,1498,72,0.781648263272817,0.002887970282267683,0.226,0.5716267776621575
resistance_break_volume,63,2860,1482,24,0.9377915930442241,0.008750464543437574,0.016,0.6003496503496504
support_bounce,5,15501,2476,496,0.7004778142586163,-0.0007783801339762901,0.18,0.5355138378169151
support_bounce,21,15379,2460,118,0.756954829344867,-0.002997264999823834,0.079,0.5659015540672345
support_bounce,63,15211,2421,39,0.8924763718301566,-0.006635695075296989,0.0365,0.6167247386759582
pullback_to_sma50,5,2780,1476,296,0.554719880145121,2.209970632020751e-05,0.9905,0.5226618705035971
pullback_to_sma50,21,2745,1460,70,1.0523596320210307,0.005335336878355252,0.2505,0.5879781420765028
pullback_to_sma50,63,2677,1423,23,0.460236169208352,0.017623214193204093,0.054,0.6496077698916698
bullish_engulfing,5,6367,2094,419,-0.016860226604268,-0.0002647225951780294,0.6315,0.5377728914716507
bullish_engulfing,21,6343,2082,100,1.0285628582913153,-7.968408035476999e-05,0.9535,0.5746492196121709
bullish_engulfing,63,6279,2053,33,0.9464165098406053,0.0014157304881566488,0.653,0.6219143175664915
bearish_engulfing,5,7477,2184,437,0.4286304204119974,0.0006500954810938601,0.2355,0.5448709375417948
bearish_engulfing,21,7448,2169,104,0.5880776368836231,0.0006079865044421913,0.588,0.5773361976369495
bearish_engulfing,63,7361,2138,34,0.6950866877358695,-0.00021651555941502664,0.905,0.6365982882760495
hammer,5,8490,2473,495,0.21263418222553415,0.00033129965942828456,0.578,0.5297997644287397
hammer,21,8456,2461,118,0.5608455884318181,0.0019193466198276917,0.07,0.5748580889309366
hammer,63,8377,2427,39,0.12147724516990815,-0.00031847814311707925,0.885,0.6191954160200549
shooting_star,5,7302,2350,470,0.26224000300254896,0.00011563758570989336,0.819,0.5391673514105725
shooting_star,21,7267,2337,112,0.5206462274436371,0.00037211167724547303,0.7225,0.589927067565708
shooting_star,63,7165,2305,37,0.9689326900676779,0.0018806168682744698,0.403,0.6397766922540126
doji,5,18593,3152,631,0.3731847368650883,0.00010085908983730795,0.741,0.5286935943634701
doji,21,18494,3136,150,0.8648555498066682,-0.0007480880615354916,0.2655,0.5689412782524061
doji,63,18247,3094,50,1.0512581636842475,-1.0565796393278567e-05,0.9905,0.626349536910177
morning_star,5,11392,2639,528,0.28612460723354227,-0.0003381292145180821,0.431,0.527124297752809
morning_star,21,11347,2625,125,0.9538448716321329,-0.002210950010490166,0.0665,0.5734555389089627
morning_star,63,11214,2586,42,0.8642367552904955,-0.0027181718915566815,0.154,0.6248439450686641
three_white_soldiers,5,16326,2724,545,0.2725020113444121,-0.0004388024201256303,0.443,0.5183143452162196
three_white_soldiers,21,16278,2709,129,0.8677448959156895,-0.00029685124266104896,0.8065,0.5646885366752672
three_white_soldiers,63,16086,2670,43,0.7319430075850482,-0.0016035185465800208,0.3345,0.6045629740146712
inside_bar,5,20900,3051,611,0.17193398905609547,0.0004893954102567303,0.145,0.5338277511961722
inside_bar,21,20804,3035,145,1.2844489404196924,0.00013435014288518655,0.841,0.5786867910017305
inside_bar,63,20567,2993,48,1.0390098259098068,-0.00024011811094326092,0.8455,0.624446929547333
outside_bar_up,5,7200,2273,455,0.23312012203933996,-0.00022302460923787548,0.7215,0.5191666666666667
outside_bar_up,21,7160,2257,108,0.6761106037200505,-0.00010808550263256241,0.9235,0.5797486033519553
outside_bar_up,63,7068,2222,36,1.0840878965833893,0.0020046863927778804,0.391,0.6237973967176005
gap_up_2pct,5,4792,1588,318,0.9942908576349879,0.0024615232522514413,0.0515,0.5279632721202003
gap_up_2pct,21,4755,1576,76,0.6694343718561918,0.007547415074998162,0.0345,0.5854889589905363
gap_up_2pct,63,4625,1543,25,1.026798256895559,0.023194506423243843,0.0025,0.6536216216216216
gap_down_2pct,5,4666,1362,273,0.2057920294035723,0.0002551512062356345,0.846,0.5265752250321475
gap_down_2pct,21,4640,1352,65,0.4429836888269685,0.0038595139957384858,0.162,0.5963362068965518
gap_down_2pct,63,4526,1322,21,-0.15818894559313443,0.019010934945984253,0.0025,0.6809544851966416
volume_spike_up,5,2396,1225,245,-0.25951148456667267,-0.002606758140159336,0.043,0.5
volume_spike_up,21,2378,1220,59,-0.3689925200034798,-0.0033482329790002754,0.161,0.5613961312026914
volume_spike_up,63,2363,1210,20,0.30227927891519163,-0.005805073488370183,0.079,0.5911976301311892
volume_dryup,5,3805,1284,257,0.10001810848251587,0.0013111375994245096,0.316,0.5106438896189225
volume_dryup,21,3805,1284,62,0.2881148530929095,0.0008435979203991472,0.8475,0.5390275952693824
volume_dryup,63,3747,1262,21,0.4667276207522239,0.009984512436360025,0.21,0.5836669335468375
three_down_days,5,17771,2732,547,0.8104831700352171,0.0006462721508410008,0.347,0.5502785436947837
three_down_days,21,17639,2716,130,0.7928895529938563,0.0009353450258499753,0.497,0.5821758603095414
three_down_days,63,17387,2675,43,0.7040933246459796,0.003752570374295083,0.187,0.634957151895094
big_down_day,5,6951,1762,353,0.7536951860444087,0.00107145823200889,0.3285,0.5522946338656308
big_down_day,21,6902,1750,84,1.198086930745215,0.005949272174692778,0.0455,0.6006954505940307
big_down_day,63,6784,1716,28,0.2666501832519109,0.023403648209811573,0.0005,0.6711379716981132
extreme_below_sma20,5,8151,1956,392,0.4507955112440536,-0.0002106037493350876,0.831,0.5540424487792909
extreme_below_sma20,21,8080,1940,93,0.10634339643478989,-0.000401119839179447,0.841,0.6092821782178218
extreme_below_sma20,63,8028,1908,31,0.698604033302211,5.668477342294851e-05,0.9895,0.6682859990034878
oversold_in_uptrend,5,2453,1134,227,0.6211356044677752,0.0010235621264094536,0.4725,0.5584997961679576
oversold_in_uptrend,21,2429,1120,54,1.1713870277596048,0.0008970294580818446,0.816,0.5895430218196789
oversold_in_uptrend,63,2419,1111,18,1.2172122251242066,-0.0033058088057427936,0.595,0.6552294336502688
