coin,years,naive,funding,interest,market,at_floor
AVAX,3.4086242299794662,0.08077256546266623,0.07934009332018073,0.10967401355421688,-0.030333920234036145,0.47026934878963517
BTC,3.4086242299794662,0.14191005344616434,0.13939333013626506,0.10967401355421688,0.02971931658204819,0.5176270030685305
DOGE,3.4086242299794662,0.17020489075008524,0.16718636876656628,0.10967401355421688,0.05751235521234939,0.4408796454142516
ENA,2.516084873374401,-0.04711430809863561,-0.047157266098449405,0.10960480821545159,-0.156762074313901,0.518516839671819
ETH,3.4086242299794662,0.14353860981397884,0.1409930046477711,0.10967401355421688,0.03131899109355421,0.49485168769178317
HYPE,1.839835728952772,0.20490961664592888,0.2051771048140625,0.1096429408482143,0.09553416396584821,0.6637129755855744
MET,0.9938398357289527,0.07185514865909873,0.07197864588264463,0.10968819731404959,-0.03770955143140496,0.8328173374613003
NEAR,2.9349760438056127,0.2090048011196269,0.20916421348502798,0.10958777693563433,0.09957643654939365,0.6502526233968131
ONDO,2.7159479808350446,0.1079474503596506,0.10803953572401713,0.10959801222278225,-0.0015584764987651256,0.5122207290441794
PUMP,1.2457221081451062,0.14662295361704464,0.14693835960939558,0.10973554945054946,0.037202810158846154,0.745427944403804
STRK,2.647501711156742,0.05280343587885577,0.052848709751680455,0.10959860716132368,-0.05674989740964323,0.5708254351197657
SUI,3.4086242299794662,0.07972926621807024,0.07831529660915663,0.10967401355421688,-0.03135871694506025,0.46403000340947836
TAO,2.6338124572210813,0.24244323402277748,0.24266183115951145,0.10960347583160085,0.1330583553279106,0.607976443077989
VVV,1.6919917864476386,-0.17422684050474715,-0.1745695138509709,0.10971536711165049,-0.2842848809626214,0.5710053195071039
XRP,3.3073237508555784,0.09234301676748595,0.09246044954652319,0.1096505898178808,-0.01719014027135762,0.4888482884622014
ZEC,1.0157426420260096,0.041943993041077446,0.042001005308692725,0.10964883760107817,-0.06764783229238544,0.6502805836139169
